date,precio_promedio,cosecha_tons,cosecha_proyectada_tons,embarques_tons,tipo_cambio,temp_min_c,temp_avg_c,temp_max_c,precipitation_mm,importaciones_kg,precio_importacion_usd,year,month,quarter,precio_lag1,precio_lag2,precio_lag3,precio_ma3,precio_ma6,precio_ma12,precio_std3,ratio_oferta_demanda,balance_oferta_demanda,precio_importacion_mxn,diferencial_precio_mx_us,temp_precip_interaction,cosecha_por_mes,precio_proximo_mes,precio_promedio_log,cosecha_tons_log,embarques_tons_log,importaciones_kg_log,precio_promedio_boxcox,tipo_cambio_boxcox,temp_avg_c_boxcox,temp_loca,temp_marcena,temp_normal,month_sin,month_cos
2015-01-01,38.06669659907486,,,,,8.9,17.5,26.1,6.5,82796666.0,2.0221029189750226,2015,1,1,,,,38.06669659907486,38.06669659907486,38.06669659907486,,,,,,113.75,,38.42935993554971,3.665270354662432,0.0,0.0,18.231898364922102,2.489838685266925,,1114.511003074908,False,False,True,0.49999999999999994,0.8660254037844387
2015-02-01,38.42935993554971,,,,,9.3,17.9,26.5,42.2,58970191.0,2.041367595366954,2015,2,1,38.06669659907486,,,38.248028267312286,38.248028267312286,38.248028267312286,0.256441704509107,,,,,755.38,,40.3745304857325,3.6745107148272633,0.0,0.0,17.892542653864215,2.493861621521683,,1182.103608490897,False,False,True,0.8660254037844386,0.5000000000000001
2015-03-01,40.3745304857325,,,,,10.8,19.3,27.9,140.2,65480365.0,2.144695054769472,2015,3,1,38.42935993554971,38.06669659907486,,38.956862340119024,38.956862340119024,38.956862340119024,1.241055358241981,,,,,2705.8599999999997,,40.88561309706897,3.7226654858559822,0.0,0.0,17.99726089994456,2.514690773321355,,1439.0467221567303,False,False,True,1.0,6.123233995736766e-17
2015-04-01,40.88561309706897,,,,,13.6,21.9,30.3,7.3,58629937.0,2.1718437630250227,2015,4,2,40.3745304857325,38.42935993554971,38.06669659907486,39.89650117278373,39.43905002935651,39.43905002935651,1.296024273074023,,,,,159.86999999999998,,39.11139599935769,3.734942405127126,0.0,0.0,17.886756011460733,2.519964846773103,,2005.0535065953766,False,True,False,0.8660254037844387,-0.4999999999999998
2015-05-01,39.11139599935769,,,,,14.9,23.3,31.7,42.7,60720230.0,2.077597350998176,2015,5,2,40.88561309706897,40.3745304857325,38.42935993554971,40.123846527386384,39.373519223356745,39.373519223356745,0.913287146894022,,,,,994.9100000000001,,38.39342942386222,3.6916604834485005,0.0,0.0,17.921787495392238,2.501305756061811,,2360.7508971613915,False,True,False,0.49999999999999994,-0.8660254037844387
2015-06-01,38.39342942386222,,,,,17.0,23.5,29.9,183.2,51293690.0,2.0394589665902374,2015,6,2,39.11139599935769,40.88561309706897,40.3745304857325,39.46347950676296,39.21017092344099,39.21017092344099,1.2828550044294391,,,,,4305.2,,41.847154608989136,3.673599036505089,0.0,0.0,17.753078320121894,2.493465082438659,,2414.610179353606,False,True,False,1.2246467991473532e-16,-1.0
2015-07-01,41.847154608989136,,,,,16.2,22.5,28.9,179.9,58794151.0,2.222920848027893,2015,7,3,38.39342942386222,39.11139599935769,40.88561309706897,39.78399334406968,39.8402472584267,39.5868828785193,1.8224557071929635,,,,,4047.75,,34.208021981667024,3.757639239314803,0.0,0.0,17.889552952140487,2.52967668752165,,2152.9751319536667,True,False,False,-0.4999999999999997,-0.8660254037844388
2015-08-01,34.208021981667024,,,,,16.0,22.8,29.7,135.6,61108572.0,1.8171301237410689,2015,8,3,41.847154608989136,38.39342942386222,39.11139599935769,38.1495353381728,39.13669093277959,38.91452526641277,3.825401948583962,,,,,3091.68,,32.34174127382738,3.5612739538458773,0.0,0.0,17.92816272526479,2.443976555380456,,2229.4650005829108,True,False,False,-0.8660254037844384,-0.5000000000000004
2015-09-01,32.34174127382738,,,,,16.1,22.5,28.9,160.4,76380389.0,1.7179932927547672,2015,9,3,34.208021981667024,41.847154608989136,38.39342942386222,36.13230595482785,37.797892730795404,38.18421593390328,5.036404697310405,,,,,3609.0,,29.989625636041147,3.506810103728093,0.0,0.0,18.151236545797314,2.419523461283825,,2152.9751319536667,True,False,False,-1.0,-1.8369701987210297e-16
2015-10-01,29.989625636041147,,,,,14.7,21.7,28.7,196.5,79282879.0,1.593048910345448,2015,10,4,32.34174127382738,34.208021981667024,41.847154608989136,32.17979629717852,35.9818948206241,37.364756904117066,2.1138558521795012,,,,,4264.05,,31.13927165486581,3.43365249157313,0.0,0.0,18.188532774268683,2.386198727271209,,1957.2273129191153,False,False,False,-0.8660254037844386,0.5000000000000001
2015-11-01,31.13927165486581,,,,,13.4,20.8,28.2,16.1,77584281.0,1.6541181067335018,2015,11,4,29.989625636041147,32.34174127382738,34.208021981667024,31.156879521578116,34.65320742987546,36.79880369963968,1.176156673707612,,,,,334.88000000000005,,28.455428313637945,3.4700786984118226,0.0,0.0,18.16687541309072,2.4028606343338326,,1751.003188661063,False,False,False,-0.5000000000000004,0.8660254037844384
2015-12-01,28.455428313637945,,,,,10.2,18.1,26.0,35.3,73027314.0,1.511552348755426,2015,12,4,31.13927165486581,29.989625636041147,32.34174127382738,29.861441868181632,32.99687391150474,36.10352241747287,1.3465055064202063,,,,,638.93,,29.29484464045687,3.382878216155924,0.0,0.0,18.106344107207697,2.3627431428248133,,1216.854693026141,False,False,False,-2.4492935982947064e-16,1.0
2016-01-01,29.29484464045687,,,,,6.3,16.2,26.1,8.4,99315525.0,1.5561421439397314,2016,1,1,28.455428313637945,31.13927165486581,29.989625636041147,29.629848202986874,30.90482225008269,35.3725347542547,1.3729254569144598,,,,,136.08,,27.542002384220396,3.4109775541599,0.0,0.0,18.41381247127468,2.375757198081809,,911.9720170181315,False,False,True,0.49999999999999994,0.8660254037844387
2016-02-01,27.542002384220396,,,,,8.2,18.8,29.5,4.8,73684399.0,1.4630311634895738,2016,2,1,29.29484464045687,28.455428313637945,31.13927165486581,28.43075844610507,29.793818983841593,34.46525495831059,0.8766814960889262,,,,,90.24,,27.321146110001305,3.3513767702119495,0.0,0.0,18.11530166582645,2.3480545623865177,,1343.5825130356486,False,False,True,0.8660254037844386,0.5000000000000001
2016-03-01,27.321146110001305,,,,,9.9,19.4,28.9,16.1,80587820.0,1.451299278228397,2016,3,1,27.542002384220396,29.29484464045687,28.455428313637945,28.052664378226194,28.957053123203917,33.37747292699966,1.0814126069043628,,,,,312.34000000000003,,27.829351630792218,3.343608737992553,0.0,0.0,18.204858091841103,2.3444163194002137,,1458.642142107089,False,False,True,1.0,6.123233995736766e-17
2016-04-01,27.829351630792218,,,,,12.1,22.2,32.2,1.1,80153442.0,1.478295155434498,2016,4,2,27.321146110001305,27.542002384220396,29.29484464045687,27.564166708337968,28.597007455662425,32.289451138143264,0.2548267171782877,,,,,24.42,,42.29186628277385,3.3613940220041574,0.0,0.0,18.19945339305292,2.3527368081432503,,2078.1767194630756,False,True,False,0.8660254037844387,-0.4999999999999998
2016-05-01,42.29186628277385,,,,,15.7,25.2,34.6,19.6,63388439.0,2.2465439320883105,2016,5,2,27.829351630792218,27.321146110001305,27.542002384220396,32.480788007855786,30.45577322698043,32.55449032842794,8.500441806180856,,,,,493.92,,52.696568126891144,3.767964771699816,0.0,0.0,17.96479206839766,2.534078418660098,,2904.210533902497,False,True,False,0.49999999999999994,-0.8660254037844387
2016-06-01,52.696568126891144,,,,,16.8,24.5,32.2,171.7,30343905.0,2.7992416928539687,2016,6,2,42.29186628277385,27.829351630792218,27.321146110001305,40.93926201348574,34.495963195855964,33.74641855368035,12.488665573148161,,,,,4206.65,,59.57118338054729,3.9833490912210383,0.0,0.0,17.228106264534315,2.623586518699204,,2695.636740064544,False,True,False,1.2246467991473532e-16,-1.0
2016-07-01,59.57118338054729,,,,,16.2,23.0,29.8,240.1,46583278.0,3.164421254339379,2016,7,3,52.696568126891144,42.29186628277385,27.829351630792218,51.51987259673743,39.542019652537704,35.223420951310196,8.699549363005229,,,,,5522.3,,54.072681686833384,4.103819258205789,0.0,0.0,17.65675221496218,2.67177828038448,,2281.4059487800696,True,False,False,-0.4999999999999997,-0.8660254037844388
2016-08-01,54.072681686833384,,,,,17.2,23.4,29.6,224.8,51027112.0,2.872340845000203,2016,8,3,59.57118338054729,52.696568126891144,42.29186628277385,55.44681106475728,43.96379953630653,36.87880926007406,3.637479536974227,,,,,5260.32,,66.45303309075403,4.008653798054522,0.0,0.0,17.74786767687577,2.6338186056661113,,2387.583875825787,True,False,False,-0.8660254037844384,-0.5000000000000004
2016-09-01,66.45303309075403,,,,,16.4,23.3,30.2,156.5,65353270.0,3.5299851101559265,2016,9,3,54.072681686833384,59.57118338054729,52.696568126891144,60.032299386044905,50.48578069976532,39.72141691148462,6.203043301399356,,,,,3646.4500000000003,,69.22801383124255,4.211431549630193,0.0,0.0,17.995318050339634,2.713728080800206,,2360.7508971613915,True,False,False,-1.0,-1.8369701987210297e-16
2016-10-01,69.22801383124255,,,,,15.0,22.7,30.4,34.0,58317063.0,3.677392086772271,2016,10,4,66.45303309075403,54.072681686833384,59.57118338054729,63.25124286960999,57.385557733173705,42.99128259441807,8.069053139433501,,,,,771.8,,45.21908990600225,4.251747288854635,0.0,0.0,17.8814053014619,2.7291825738132403,,2203.7794367736005,False,False,False,-0.8660254037844386,0.5000000000000001
2016-11-01,45.21908990600225,,,,,12.3,20.2,28.1,36.4,58419550.0,2.4020380506183288,2016,11,4,69.22801383124255,66.45303309075403,54.072681686833384,60.30004560933295,57.87342833704511,44.16460078201277,13.133984476231435,,,,,735.28,,39.569539134185725,3.8333929141721117,0.0,0.0,17.88316116917027,2.5617320489161877,,1621.5410107144137,False,False,False,-0.5000000000000004,0.8660254037844384
2016-12-01,39.569539134185725,,,,,10.1,19.2,28.2,12.7,77901747.0,2.1019339142676734,2016,12,4,45.21908990600225,69.22801383124255,66.45303309075403,51.33888095714351,55.68559017159421,45.09077668372509,15.74786214764442,,,,,243.83999999999997,,40.427288787045875,3.7030175173851796,0.0,0.0,18.170958949613617,2.5062195628161192,,1419.6196607108466,False,False,False,-2.4492935982947064e-16,1.0
2017-01-01,40.427288787045875,,,,,7.6,17.7,27.9,0.3,90275599.0,2.1474975757291848,2017,1,1,39.569539134185725,45.21908990600225,69.22801383124255,41.73863927574462,52.49494107267731,46.0184803626075,3.044517377022368,,,,,5.31,,48.806873854687595,3.7239398131332404,0.0,0.0,18.318377771464057,2.515238897531722,,1147.9907395428158,False,False,True,0.49999999999999994,0.8660254037844387
2017-02-01,48.806873854687595,,,,,8.5,18.9,29.3,2.9,66692954.0,2.592621133560826,2017,2,1,40.427288787045875,39.569539134185725,45.21908990600225,42.93456725863973,51.617306433986336,47.790552985146434,5.1036185383741275,,,,,54.809999999999995,,55.29432669614504,3.9081530037160466,0.0,0.0,18.01560988311853,2.592832077071721,,1362.3423858598028,False,False,True,0.8660254037844386,0.5000000000000001
2017-03-01,55.29432669614504,,,,,11.4,21.4,31.4,6.5,73229917.0,2.937234627754665,2017,3,1,48.806873854687595,40.427288787045875,39.569539134185725,48.17616311262617,49.757522034884836,50.12165136732508,7.453559624619777,,,,,139.1,,59.99501738568021,4.030593760905481,0.0,0.0,18.109114611276965,2.642642779010744,,1886.8598314155442,False,False,True,1.0,6.123233995736766e-17
2017-04-01,59.99501738568021,,,,,11.8,22.2,32.7,0.1,69023196.0,3.186935316643408,2017,4,2,55.29432669614504,48.806873854687595,40.427288787045875,54.69873931217095,48.21868929395779,52.80212351356574,5.617800474072165,,,,,2.22,,62.354023477410884,4.110792178635175,0.0,0.0,18.04995319446867,2.6745275913499227,,2078.1767194630756,False,True,False,0.8660254037844387,-0.4999999999999998
2017-05-01,62.354023477410884,,,,,15.0,25.0,35.0,6.8,56802287.0,3.3122457199654654,2017,5,2,59.99501738568021,55.29432669614504,48.806873854687595,59.21445585307871,51.074511555859225,54.473969946452165,3.593993167840962,,,,,170.0,,57.96031532065287,4.148738416627401,0.0,0.0,17.855087164570236,2.6894132815463627,,2843.607066281831,False,True,False,0.49999999999999994,-0.8660254037844387
2017-06-01,57.96031532065287,,,,,17.8,25.9,34.0,101.8,51053745.0,3.0788519431826207,2017,6,2,62.354023477410884,59.99501738568021,55.29432669614504,60.10311872791465,54.13964092027041,54.91261554593231,2.198847940817181,,,,,2636.62,,56.710249974326764,4.076864595910418,0.0,0.0,17.748389478922995,2.661109542405475,,3122.7777411588177,False,True,False,1.2246467991473532e-16,-1.0
2017-07-01,56.710249974326764,,,,,17.0,23.6,30.3,233.3,46745576.0,3.0124484721292126,2017,7,3,57.96031532065287,62.354023477410884,59.99501738568021,59.00819625746351,56.853467784817234,54.67420442874726,2.9642175496794643,,,,,5505.880000000001,,86.20557730207662,4.0554348002734795,0.0,0.0,17.660230199597528,2.652580944507891,,2441.8304029906053,True,False,False,-0.4999999999999997,-0.8660254037844388
2017-08-01,86.20557730207662,,,,,17.3,24.0,30.6,266.8,48425916.0,4.579240256394944,2017,8,3,56.710249974326764,57.96031532065287,62.354023477410884,66.95871419901874,63.08658502604874,57.35194573001754,16.679987120001325,,,,,6403.200000000001,,94.47113552688486,4.468268288755787,0.0,0.0,17.695545703577782,2.8098103789297157,,2552.6623825021857,True,False,False,-0.8660254037844384,-0.5000000000000004
2017-09-01,94.47113552688486,,,,,16.7,23.0,29.3,247.4,55755900.0,5.018306708348354,2017,9,3,86.20557730207662,56.710249974326764,57.96031532065287,79.12898760109609,69.61605316450537,59.6867875996951,19.85018163079035,,,,,5690.2,,53.243202215351744,4.558823956009438,0.0,0.0,17.83649381023668,2.842375683334897,,2281.4059487800696,True,False,False,-1.0,-1.8369701987210297e-16
2017-10-01,53.243202215351744,,,,,14.8,22.3,29.8,59.4,65462309.0,2.828278895570274,2017,10,4,94.47113552688486,86.20557730207662,56.710249974326764,77.97330501477109,68.49075063611728,58.35471996503754,21.812000172939452,,,,,1324.6200000000001,,41.4810998690451,3.9934776797831253,0.0,0.0,17.996985115140614,2.6276891082251765,,2102.922586476382,False,False,False,-0.8660254037844386,0.5000000000000001
2017-11-01,41.4810998690451,,,,,10.7,20.4,30.0,0.9,69112370.0,2.203476020284068,2017,11,4,53.243202215351744,94.47113552688486,86.20557730207662,63.065145870427244,65.011930034723,58.04322079529111,27.826945621598345,,,,,18.36,,47.64988281071546,3.7490592680543693,0.0,0.0,18.051244303104607,2.5260112393279153,,1663.9927493541632,False,False,False,-0.5000000000000004,0.8660254037844384
2017-12-01,47.64988281071546,,,,,9.6,18.3,27.0,19.8,82046400.0,2.531161769437781,2017,12,4,41.4810998690451,53.243202215351744,94.47113552688486,47.458061631704105,63.2935246164001,58.71658276833525,5.883396929052654,,,,,362.34000000000003,,40.8245956896365,3.8846493998051757,0.0,0.0,18.222795511040477,2.583111350425796,,1252.2490629141562,False,False,False,-2.4492935982947064e-16,1.0
2018-01-01,40.8245956896365,,,,,8.0,17.3,26.5,14.8,93731957.0,2.1686025183492115,2018,1,1,47.64988281071546,41.4810998690451,53.243202215351744,43.31852612313236,60.64591556895172,58.74969167688446,3.7654000452406815,,,,,256.04,,41.525375078048974,3.7334845801109586,0.0,0.0,18.3559497562943,2.519339343347347,,1081.6593024604304,False,False,True,0.49999999999999994,0.8660254037844387
2018-02-01,41.525375078048974,,,,,11.0,19.7,28.5,16.2,80709833.0,2.205827919381273,2018,2,1,40.8245956896365,47.64988281071546,41.4810998690451,43.333284526133646,53.19921519828045,58.14290011216459,3.754668893610601,,,,,319.14,,42.55006729062054,3.7501009584205462,0.0,0.0,18.206370984552063,2.526456639874537,,1518.4447792719855,False,False,True,0.8660254037844386,0.5000000000000001
2018-03-01,42.55006729062054,,,,,10.9,21.4,31.9,0.1,89194653.0,2.2602595695955,2018,3,1,41.525375078048974,40.8245956896365,47.64988281071546,41.63334601943534,44.54570382556972,57.080878495037545,0.8677881968479243,,,,,2.14,,47.046915110526626,3.773911248432118,0.0,0.0,18.306331663018774,2.5366087073265615,,1886.8598314155442,False,False,True,1.0,6.123233995736766e-17
2018-04-01,47.046915110526626,,,,,12.7,22.6,32.6,2.2,88208007.0,2.499132125272936,2018,4,2,42.55006729062054,41.525375078048974,40.8245956896365,43.707452493065375,43.51298930809887,56.00186997210809,2.9370914971604445,,,,,49.720000000000006,,43.342620883194066,3.8721779317013145,0.0,0.0,18.295208310506318,2.577932282628277,,2178.283013958486,False,True,False,0.8660254037844387,-0.4999999999999998
2018-05-01,43.342620883194066,,,,,16.4,25.0,33.6,57.7,75307487.0,2.302360016342067,2018,5,2,47.046915110526626,42.55006729062054,41.525375078048974,44.3132010947804,43.82324281045703,54.41758642259001,2.4004019536717047,,,,,1442.5,,41.669675086896746,3.791946311218804,0.0,0.0,18.137090130057146,2.544261999425027,,2843.607066281831,False,True,False,0.49999999999999994,-0.8660254037844387
2018-06-01,41.669675086896746,,,,,17.4,24.2,31.0,201.4,67731105.0,2.21349313583471,2018,6,2,43.342620883194066,47.046915110526626,42.55006729062054,44.019737026872484,42.82654152315391,53.060033069777006,2.751825261886074,,,,,4873.88,,45.671348414836366,3.7534884826149475,0.0,0.0,18.03105610060154,2.5279043332220836,,2609.2573252641855,False,True,False,1.2246467991473532e-16,-1.0
2018-07-01,45.671348414836366,,,,,16.3,23.5,30.7,147.8,55331193.0,2.426062022555704,2018,7,3,41.669675086896746,43.342620883194066,47.046915110526626,43.56121479497573,43.63433364402055,52.14012460648613,2.0097723327747756,,,,,3473.3,,63.27152766797702,3.8431304520842264,0.0,0.0,17.828847394254687,2.5658127462952787,,2414.610179353606,True,False,False,-0.4999999999999997,-0.8660254037844388
2018-08-01,63.27152766797702,,,,,16.3,23.1,29.8,206.9,59113706.0,3.3609835424630625,2018,8,3,45.671348414836366,41.669675086896746,43.342620883194066,50.2041837232367,47.25869240900855,50.228953803644494,11.492169320171545,,,,,4779.39,,46.31837237125223,4.163116728635122,0.0,0.0,17.89497338441898,2.6950203058165414,,2307.66253040593,True,False,False,-0.8660254037844384,-0.5000000000000004
2018-09-01,46.31837237125223,,,,,16.5,22.8,29.1,201.6,59736065.0,2.460431935046274,2018,9,3,63.27152766797702,45.671348414836366,41.669675086896746,51.75374948468854,47.88674325578051,46.21622354067512,9.979933402063438,,,,,4596.48,,37.69780823842029,3.856898642306709,0.0,0.0,17.905446516558456,2.571567219865539,,2229.4650005829108,True,False,False,-1.0,-1.8369701987210297e-16
2018-10-01,37.69780823842029,,,,,15.2,21.8,28.5,149.8,77771729.0,2.002507569299379,2018,10,4,46.31837237125223,63.27152766797702,45.671348414836366,49.09590275921652,46.32855877709613,44.92077404259749,13.011140905296156,,,,,3265.6400000000003,,42.75619693404137,3.6557829637657906,0.0,0.0,18.169288555505357,2.4856994269595556,,1981.04855160529,False,False,False,-0.8660254037844386,0.5000000000000001
2018-11-01,42.75619693404137,,,,,10.3,18.4,26.5,75.9,71570130.0,2.271209176230363,2018,11,4,37.69780823842029,46.31837237125223,63.27152766797702,42.25745918123797,46.230821452237336,45.02703213134718,4.331868650088632,,,,,1396.56,,32.23260074609932,3.7786332469796897,0.0,0.0,18.08618838008896,2.5386155404140385,,1270.1890605621209,False,False,False,-0.5000000000000004,0.8660254037844384
2018-12-01,32.23260074609932,,,,,7.6,16.7,25.7,1.7,85485040.0,1.7121957479343757,2018,12,4,42.75619693404137,37.69780823842029,46.31837237125223,37.562201972853664,44.657975728771106,43.742258625962506,5.263108489871998,,,,,28.389999999999997,,33.30381114168851,3.503531344308451,0.0,0.0,18.26385195953554,2.4180417163644554,,986.8212428051087,False,False,False,-2.4492935982947064e-16,1.0
2019-01-01,33.30381114168851,,,,,8.1,17.5,26.8,8.4,117594318.0,1.7690984440251611,2019,1,1,32.23260074609932,42.75619693404137,37.69780823842029,36.09753627394307,42.59671951657979,43.11552658030018,5.791389666363334,,,,,147.0,,32.86719431689538,3.5352564600019933,0.0,0.0,18.58275128443881,2.432332905391617,,1114.511003074908,False,False,True,0.49999999999999994,0.8660254037844387
2019-02-01,32.86719431689538,,,,,9.6,19.7,29.9,1.1,91107301.0,1.7459053583422477,2019,2,1,33.30381114168851,32.23260074609932,42.75619693404137,32.80120206822773,37.52933062473285,42.394011516870705,0.5386456725599004,,,,,21.67,,37.972226827897934,3.5224468265781903,0.0,0.0,18.32754851269533,2.4265749227328475,,1518.4447792719855,False,False,True,0.8660254037844386,0.5000000000000001
2019-03-01,37.972226827897934,,,,,10.8,21.4,31.9,0.1,105305016.0,2.017084684740944,2019,3,1,32.86719431689538,33.30381114168851,32.23260074609932,34.71441076216061,36.138306367507134,42.01252481164382,2.829784921430443,,,,,2.14,,65.50537388963623,3.6628492598247657,0.0,0.0,18.47237162079354,2.488783230152575,,1886.8598314155442,False,False,True,1.0,6.123233995736766e-17
2019-04-01,65.50537388963623,,,,,11.4,22.0,32.6,0.1,90528718.0,3.479645453501285,2019,4,2,37.972226827897934,32.86719431689538,33.30381114168851,45.44826501147651,40.77290064270979,43.55072970990295,17.556510235447234,,,,,2.2,,65.64393495194638,4.197282754767296,0.0,0.0,18.321177695345988,2.708270777033779,,2029.2427832244766,False,True,False,0.8660254037844387,-0.4999999999999998
2019-05-01,65.64393495194638,,,,,14.5,24.4,34.3,6.0,69755021.0,3.487005817115301,2019,5,2,65.50537388963623,37.972226827897934,32.86719431689538,56.37384522316018,44.587523645693956,45.40917254896565,15.936419593674053,,,,,146.39999999999998,,86.25120474415522,4.1993640440136835,0.0,0.0,18.060499976073874,2.709074644967426,,2666.64454789557,False,True,False,0.49999999999999994,-0.8660254037844387
2019-06-01,86.25120474415522,,,,,17.7,25.5,33.3,96.3,34103650.0,4.581663986112924,2019,6,2,65.64393495194638,65.50537388963623,37.972226827897934,72.46683786191261,53.59062431203662,49.12430002040386,11.93781292993815,,,,,2455.65,,71.98133975659229,4.468791368943141,0.0,0.0,17.344915003971117,2.8100004124060813,,2996.6468167760154,False,True,False,1.2246467991473532e-16,-1.0
2019-07-01,71.98133975659229,,,,,16.7,23.7,30.8,217.7,50546761.0,3.823648759610928,2019,7,3,86.25120474415522,65.64393495194638,65.50537388963623,74.62549315089795,60.03687908118724,51.31679929888352,10.555024985839008,,,,,5159.49,,59.87071387231029,4.2902037886993805,0.0,0.0,17.738409445988417,2.743793368969132,,2469.245141379474,True,False,False,-0.4999999999999997,-0.8660254037844388
2019-08-01,59.87071387231029,,,,,16.7,23.4,30.1,171.7,60913348.0,3.180332314027461,2019,8,3,71.98133975659229,86.25120474415522,65.64393495194638,72.7010861243526,64.53746567375639,51.03339814924462,13.204965005076794,,,,,4017.7799999999993,,45.517651574526155,4.108752170255533,0.0,0.0,17.92496290406262,2.6737236981658414,,2387.583875825787,True,False,False,-0.8660254037844384,-0.5000000000000004
2019-09-01,45.517651574526155,,,,,16.4,23.0,29.5,239.8,83512679.0,2.417897646416061,2019,9,3,59.87071387231029,71.98133975659229,86.25120474415522,59.12323506780958,65.7950364648611,50.96667141618411,13.247669284511543,,,,,5515.400000000001,,40.34643141033143,3.839831844315285,0.0,0.0,18.24050903457951,2.564431411325347,,2281.4059487800696,True,False,False,-1.0,-1.8369701987210297e-16
2019-10-01,40.34643141033143,,,,,15.6,22.2,28.7,128.6,94414898.0,2.1432024318873912,2019,10,4,45.517651574526155,59.87071387231029,71.98133975659229,48.57826561905596,61.60187938497696,51.18739001384338,10.11557809326603,,,,,2854.9199999999996,,38.04189511992286,3.721986115697857,0.0,0.0,18.36320944705197,2.5143984923107214,,2078.1767194630756,False,False,False,-0.8660254037844386,0.5000000000000001
2019-11-01,38.04189511992286,,,,,13.9,20.9,27.9,50.5,85872510.0,2.0207854644053143,2019,11,4,40.34643141033143,45.517651574526155,59.87071387231029,41.301992701593484,57.001539412973045,50.794531529333504,3.828388261155611,,,,,1055.4499999999998,,39.402415824317146,3.664635303397528,0.0,0.0,18.26837432409839,2.4895618962412005,,1773.1983307591217,False,False,False,-0.5000000000000004,0.8660254037844384
2019-12-01,39.402415824317146,,,,,9.9,18.3,26.7,6.1,92774995.0,2.0930563240666302,2019,12,4,38.04189511992286,40.34643141033143,45.517651574526155,39.26358078485715,49.19340792633336,51.392016119184994,1.158524170912448,,,,,111.63,,44.34724375422592,3.69888958081091,0.0,0.0,18.345687721795873,2.504435006074147,,1252.2490629141562,False,False,False,-2.4492935982947064e-16,1.0
2020-01-01,44.34724375422592,,,,,9.3,17.8,26.2,49.8,116849670.0,2.355725583136007,2020,1,1,39.402415824317146,38.04189511992286,40.34643141033143,40.597184899488646,44.587725259272304,52.31230217022977,3.3181260083465807,,,,,886.4399999999999,,54.32433249283639,3.81434939751956,0.0,0.0,18.576398803369653,2.5537254372244957,,1164.96771444789,False,False,True,0.49999999999999994,0.8660254037844387
2020-02-01,54.32433249283639,,,,,10.8,19.5,28.2,55.6,80264358.0,2.885708535786208,2020,2,1,44.34724375422592,39.402415824317146,38.04189511992286,46.02466402379315,43.66332836269331,54.10039701822485,7.601065934204509,,,,,1084.2,,58.07984323592652,4.013212820664806,0.0,0.0,18.200836232317542,2.6356558405006028,,1478.4065435691489,False,False,True,0.8660254037844386,0.5000000000000001
2020-03-01,58.07984323592652,,,,,13.0,22.4,31.7,1.1,77382160.0,3.085201266028242,2020,3,1,54.32433249283639,44.34724375422592,39.402415824317146,52.25047316099628,45.75702697292672,55.776031718893904,7.097305229972604,,,,,24.64,,49.414652007980905,4.0788898042393225,0.0,0.0,18.164266833959637,2.661913392031167,,2127.855189943328,False,False,True,1.0,6.123233995736766e-17
2020-04-01,49.414652007980905,,,,,13.5,23.2,32.8,1.4,71235493.0,2.624906308994029,2020,4,2,58.07984323592652,54.32433249283639,44.34724375422592,53.939609245581266,47.26839707253495,54.43513822875596,4.345387639434576,,,,,32.48,,45.961941367410674,3.9202818472721326,0.0,0.0,18.081501763402713,2.5978281645440737,,2334.1106475085007,False,True,False,0.8660254037844387,-0.4999999999999998
2020-05-01,45.961941367410674,,,,,14.2,23.5,32.8,16.0,79241622.0,2.441498320163108,2020,5,2,49.414652007980905,58.07984323592652,54.32433249283639,51.15214553710603,48.58840478044959,52.79497209671131,6.243000019746837,,,,,376.0,,44.45548262374937,3.8493375155386413,0.0,0.0,18.18801226166463,2.5684092373089715,,2414.610179353606,False,True,False,0.49999999999999994,-0.8660254037844387
2020-06-01,44.45548262374937,,,,,17.4,24.9,32.4,81.7,70529333.0,2.361475231872673,2020,6,2,45.961941367410674,49.414652007980905,58.07984323592652,46.61069199971365,49.43058258035497,49.31199525334416,2.5424394353769686,,,,,2034.33,,40.333055308595796,3.816733443133765,0.0,0.0,18.071539266349475,2.5547296726930924,,2813.609792582392,False,True,False,1.2246467991473532e-16,-1.0
2020-07-01,40.333055308595796,,,,,16.9,23.5,30.1,209.3,62600263.0,2.142491893364729,2020,7,3,44.45548262374937,45.961941367410674,49.414652007980905,43.58349309991862,48.76155117274994,46.67463821601112,2.913994485758818,,,,,4918.55,,41.47514156777562,3.7216625505093646,0.0,0.0,17.95228005331383,2.5142592711427083,,2414.610179353606,True,False,False,-0.4999999999999997,-0.8660254037844388
2020-08-01,41.47514156777562,,,,,16.8,23.1,29.5,254.4,68309338.0,2.2031595153213166,2020,8,3,40.333055308595796,44.45548262374937,45.961941367410674,42.08789316670693,46.62001935190648,45.1416738572999,2.1284266803616543,,,,,5876.64,,37.13148192227766,3.7489190005194954,0.0,0.0,18.03955705018632,2.5259512564334856,,2307.66253040593,True,False,False,-0.8660254037844384,-0.5000000000000004
2020-09-01,37.13148192227766,,,,,16.3,22.7,29.0,167.4,82041481.0,1.9724243154508632,2020,9,3,41.47514156777562,40.333055308595796,44.45548262374937,39.6465595995497,43.12862579963167,44.442826386279194,2.251733120928253,,,,,3799.98,,32.28225543098235,3.641040238109728,0.0,0.0,18.222735555364146,2.4792496328272047,,2203.7794367736005,True,False,False,-1.0,-1.8369701987210297e-16
2020-10-01,32.28225543098235,,,,,14.0,22.2,30.4,24.5,105206446.0,1.7148334047896647,2020,10,4,37.13148192227766,41.47514156777562,40.333055308595796,36.96295964034521,40.27322637013191,43.77081172133344,4.598759474101833,,,,,543.9,,29.275459592587325,3.505024385020285,0.0,0.0,18.4714351396601,2.4187165914600777,,2078.1767194630756,False,False,False,-0.8660254037844386,0.5000000000000001
2020-11-01,29.275459592587325,,,,,11.6,20.6,29.6,0.1,94111834.0,1.5551124101991254,2020,11,4,32.28225543098235,37.13148192227766,41.47514156777562,32.89639898194911,37.49214607432802,43.04027542738881,3.963855564604051,,,,,2.06,,29.43495525776064,3.410337469921366,0.0,0.0,18.35999436710413,2.375461667889962,,1707.1451698398237,False,False,False,-0.5000000000000004,0.8660254037844384
2020-12-01,29.43495525776064,,,,,9.2,17.9,26.5,12.9,96833238.0,1.5635848199148312,2020,12,4,29.275459592587325,32.28225543098235,37.13148192227766,30.330890093776773,34.98872484666323,42.2096537135091,1.6918125564719795,,,,,230.91,,32.63259497768556,3.4155917918531573,0.0,0.0,18.388500871405213,2.377886347652828,,1182.103608490897,False,False,False,-2.4492935982947064e-16,1.0
2021-01-01,32.63259497768556,,,,,7.9,17.5,27.1,1.1,131092340.0,1.7334434414703406,2021,1,1,29.43495525776064,29.275459592587325,32.28225543098235,30.447669942677845,33.705314791511526,41.233432982130736,1.8938803481881537,,,,,19.25,,35.859336824659856,3.515495685358872,0.0,0.0,18.69141252597472,2.423443353898784,,1114.511003074908,False,False,True,0.49999999999999994,0.8660254037844387
2021-02-01,35.859336824659856,,,,,9.4,19.3,29.2,0.3,96623843.0,1.9048479680113737,2021,2,1,32.63259497768556,29.43495525776064,29.275459592587325,32.64229568670202,32.769347334325566,39.694683343116026,3.212201769362225,,,,,5.79,,52.0024695217486,3.6071089603451485,0.0,0.0,18.386336101022803,2.4643229226090284,,1439.0467221567303,False,False,True,0.8660254037844386,0.5000000000000001
2021-03-01,52.0024695217486,,,,,10.6,21.2,31.8,0.0,111293834.0,2.7623711750284388,2021,3,1,35.859336824659856,32.63259497768556,29.43495525776064,40.16480044136467,35.24784526757072,39.188235533601194,10.377898278517742,,,,,0.0,,50.78394758524574,3.970338507216594,0.0,0.0,18.527684423876064,2.6183027411206483,,1840.8556309341745,False,False,True,1.0,6.123233995736766e-17
2021-04-01,50.78394758524574,,,,,12.8,22.8,32.9,0.8,90804550.0,2.697643289901222,2021,4,2,52.0024695217486,35.859336824659856,32.63259497768556,46.2152513105514,38.33146062661462,39.30234349837327,8.989155831153365,,,,,18.240000000000002,,46.46753916395387,3.9470802090622112,0.0,0.0,18.324219963460873,2.6088183253125345,,2229.4650005829108,False,True,False,0.8660254037844387,-0.4999999999999998
2021-05-01,46.46753916395387,,,,,15.0,23.9,32.9,17.1,85793140.0,2.46835567505747,2021,5,2,50.78394758524574,52.0024695217486,35.859336824659856,49.751318756982734,41.19680722184238,39.3444766480852,2.90836814023429,,,,,408.69,,44.333180638291815,3.8600460914039054,0.0,0.0,18.26744961953774,2.5728801903853125,,2524.660537986554,False,True,False,0.49999999999999994,-0.8660254037844387
2021-06-01,44.333180638291815,,,,,17.2,23.6,29.9,234.3,78610161.0,2.354978550419201,2021,6,2,46.46753916395387,50.78394758524574,52.0024695217486,47.19488912916381,43.679844785264244,39.334284815963734,3.28631663567234,,,,,5529.4800000000005,,50.771837527138864,3.8140392287892952,0.0,0.0,18.18001153657433,2.553594744452805,,2441.8304029906053,False,True,False,1.2246467991473532e-16,-1.0
2021-07-01,50.771837527138864,,,,,17.2,23.1,29.0,256.4,71073519.0,2.6970000036159743,2021,7,3,44.333180638291815,46.46753916395387,50.78394758524574,47.190852443128186,46.703051876839794,40.20418333417566,3.279704591567217,,,,,5922.84,,62.653201147856414,3.946846324337202,0.0,0.0,18.07922539221032,2.608722696246213,,2307.66253040593,True,False,False,-0.4999999999999997,-0.8660254037844388
2021-08-01,62.653201147856414,,,,,17.1,23.1,29.0,271.0,58337650.0,3.328138037785204,2021,8,3,50.771837527138864,44.333180638291815,46.46753916395387,52.58607310442903,51.16869593070589,41.96902163251573,9.293781572381981,,,,,6260.1,,61.86716405267717,4.153449616713729,0.0,0.0,17.881758257623403,2.691252492606158,,2307.66253040593,True,False,False,-0.8660254037844384,-0.5000000000000004
2021-09-01,61.86716405267717,,,,,16.9,22.6,28.3,235.6,78737038.0,3.2863837473794733,2021,9,3,62.653201147856414,50.771837527138864,44.333180638291815,58.430734242557484,52.81281168586065,44.03032847671568,6.6444328389892435,,,,,5324.56,,47.65316478571571,4.141023993260456,0.0,0.0,18.18162423799758,2.686397395599817,,2178.283013958486,True,False,False,-1.0,-1.8369701987210297e-16
2021-10-01,47.65316478571571,,,,,15.7,22.3,28.9,87.6,91101853.0,2.531336107949418,2021,10,4,61.86716405267717,62.653201147856414,50.771837527138864,57.3911766620831,52.29101455260564,45.31123758961013,8.442518584933952,,,,,1953.48,,50.000218812474515,3.884716858637814,0.0,0.0,18.32748871328545,2.583139324500409,,2102.922586476382,False,False,False,-0.8660254037844386,0.5000000000000001
2021-11-01,50.000218812474515,,,,,11.4,19.8,28.2,1.4,94475429.0,2.656011617581541,2021,11,4,47.65316478571571,61.86716405267717,62.653201147856414,53.173515883622464,52.87979449402575,47.038300857934054,7.619829690787929,,,,,27.72,,56.53666357352358,3.9318299231557985,0.0,0.0,18.363850358658112,2.6025722800973763,,1538.7198557557174,False,False,False,-0.5000000000000004,0.8660254037844384
2021-12-01,56.53666357352358,,,,,9.8,18.7,27.7,0.8,97112913.0,3.003227562538465,2021,12,4,50.000218812474515,47.65316478571571,61.86716405267717,51.39668239057127,54.913708316564374,49.2967765509143,4.603446597057447,,,,,14.96,,68.57896538078504,4.052422371970976,0.0,0.0,18.39138492132865,2.6513787394157036,,1324.9878721450766,False,False,False,-2.4492935982947064e-16,1.0
2022-01-01,68.57896538078504,,,,20.500679310344825,9.4,18.2,27.0,1.2,106367308.0,3.3452045340848526,2022,1,1,56.53666357352358,50.000218812474515,47.65316478571571,58.37194925559438,57.88156295883874,52.292307417839275,9.42436529234143,,,68.57896538078504,0.0,21.84,,50.65,4.242462300121796,0.0,0.0,18.48240884142142,2.7256358019675786,3277.714353978976,1234.471150957058,False,False,True,0.49999999999999994,0.8660254037844387
2022-01-15,50.65,,,,,,,,,,,2022,1,1,68.57896538078504,56.53666357352358,50.000218812474515,58.58854298476954,55.881029434196,53.52486268245095,9.13890621163551,,,,,,,69.57990552967432,3.9444901955656477,0.0,0.0,0.0,2.6077590569027893,,,False,False,True,0.49999999999999994,0.8660254037844387
2022-02-01,69.57990552967432,,,,20.460442857142855,9.8,19.1,28.4,0.4,60671106.0,3.4007037880601683,2022,2,1,50.65,68.57896538078504,56.53666357352358,62.93629030348645,57.166486347028865,54.98964901644476,10.65200297416293,,,69.57990552967432,0.0,7.640000000000001,,51.01,4.256745479760458,0.0,0.0,17.920978146002227,2.731088744849601,3259.368871099658,1400.3603339995711,False,False,True,0.8660254037844386,0.5000000000000001
2022-02-15,51.01,,,,,,,,,,,2022,2,1,69.57990552967432,50.65,68.57896538078504,57.07996850989144,57.72595888274291,55.00848671767428,10.826759400850532,,,,,,,75.65788739620132,3.951436007784981,0.0,0.0,0.0,2.610598366482329,,,False,False,True,0.8660254037844386,0.5000000000000001
2022-03-01,75.65788739620132,,,,20.559162903225804,10.5,20.5,30.6,0.0,86285821.0,3.6800081672746674,2022,3,1,51.01,69.57990552967432,50.65,65.41593097529187,62.00223698003071,57.44101573702823,12.840700967669799,,,75.65788739620132,0.0,0.0,,57.43,4.3393525014745995,0.0,0.0,18.273175855187368,2.7622820784561126,3304.50192882262,1685.481066819443,False,False,True,1.0,6.123233995736766e-17
2022-03-15,57.43,,,,,,,,,,,2022,3,1,75.65788739620132,51.01,69.57990552967432,61.365962465400436,62.151126384443444,58.53241735050391,12.786650799593222,,,,,,,90.17464869225965,4.067829456566345,0.0,0.0,0.0,2.6575188000203473,,,False,False,True,1.0,6.123233995736766e-17
2022-04-01,90.17464869225965,,,,20.07515888888889,13.1,22.8,32.5,2.6,77327988.0,4.4918523032048885,2022,4,2,57.43,75.65788739620132,51.01,74.42084536282032,65.75040693635589,61.81598494759731,16.407337055084326,,,90.17464869225965,0.0,59.28,,64.92,4.5127768835725375,0.0,0.0,18.163566530815803,2.825899907064023,3087.1531389640722,2229.4650005829108,False,True,False,0.8660254037844387,-0.4999999999999998
2022-04-15,64.92,,,,,,,,,,,2022,4,2,90.17464869225965,57.43,75.65788739620132,70.84154956408655,68.1287402696892,62.0048848519426,17.156677021638814,,,,,,,96.73908539370561,4.188441885601216,0.0,0.0,0.0,2.704851890327206,,,False,True,False,0.8660254037844387,-0.4999999999999998
2022-05-01,96.73908539370561,,,,20.016175268817204,15.6,24.7,33.9,9.3,59078532.0,4.833045479193694,2022,5,2,64.92,90.17464869225965,57.43,83.94457802865509,72.65527024702776,64.9108782970283,16.799520355596986,,,96.73908539370561,0.0,229.71,,86.38,4.5823015342548015,0.0,0.0,17.894378184581182,2.850710092486092,3061.3359031173327,2754.2212328590867,False,True,False,0.49999999999999994,-0.8660254037844387
2022-05-15,86.38,,,,,,,,,,,2022,5,2,96.73908539370561,64.92,90.17464869225965,82.67969513123519,78.55027024702777,68.13811456488533,16.22907085801097,,,,,,,111.82836496020734,4.47026642352329,0.0,0.0,0.0,2.8105361740502657,,,False,True,False,0.49999999999999994,-0.8660254037844387
2022-06-01,111.82836496020734,,,,20.016803333333332,17.5,24.2,31.0,139.6,39496437.0,5.58672446833622,2022,6,2,86.38,96.73908539370561,64.92,98.31581678463765,84.5786831743621,73.29046007719641,12.79724115566895,,,111.82836496020734,0.0,3378.3199999999997,,87.22,4.725867769865771,0.0,0.0,17.49172104858995,2.9007219821730543,3061.610047649163,2609.2573252641855,False,True,False,1.2246467991473532e-16,-1.0
2022-06-15,87.22,,,,,,,,,,,2022,6,2,111.82836496020734,86.38,96.73908539370561,95.1427883200691,89.5436831743621,75.84740477940277,14.456235708525632,,,,,,,76.7888966092537,4.479833694676794,0.0,0.0,0.0,2.8140068044673714,,,False,True,False,1.2246467991473532e-16,-1.0
2022-07-01,76.7888966092537,,,,20.514158064516128,17.2,23.5,29.9,236.8,53654930.0,3.743214630976128,2022,7,3,87.22,111.82836496020734,86.38,91.945753856487,87.3127244938611,76.5315657151085,17.99140482879125,,,76.7888966092537,0.0,5564.8,,95.5,4.353998703894582,0.0,0.0,17.79808393334869,2.767751967025248,3283.8752279199807,2414.610179353606,True,False,False,-0.4999999999999997,-0.8660254037844388
2022-07-15,95.5,,,,,,,,,,,2022,7,3,76.7888966092537,87.22,111.82836496020734,86.5029655364179,92.40939116052778,80.26906571510848,9.376137335879763,,,,,,,53.11670908817931,4.56954300834494,0.0,0.0,0.0,2.8461863878582827,,,True,False,False,-0.4999999999999997,-0.8660254037844388
2022-08-01,53.11670908817931,,,,20.11206129032258,17.1,23.1,29.2,248.6,72344152.0,2.641037550623304,2022,8,3,95.5,76.7888966092537,87.22,75.13520189914433,85.13899510960673,78.89713267831725,21.239982739510236,,,53.11670908817931,0.0,5742.66,,80.85,3.991142993770416,0.0,0.0,18.096945192295717,2.626744277434422,3103.3789108673377,2307.66253040593,True,False,False,-0.8660254037844384,-0.5000000000000004
2022-08-15,80.85,,,,,,,,,,,2022,8,3,53.11670908817931,95.5,76.7888966092537,76.4889030293931,84.21732844294006,81.3837993449839,21.525571124113934,,,,,,,42.845682370164596,4.404888303817144,0.0,0.0,0.0,2.786617108813265,,,True,False,False,-0.8660254037844384,-0.5000000000000004
2022-09-01,42.845682370164596,,,,20.05986,16.9,22.9,28.9,129.4,87937032.0,2.135891395561315,2022,9,3,80.85,53.11670908817931,95.5,58.93746381944796,72.72021467793293,78.64944892614751,19.659423411141724,,,42.845682370164596,0.0,2963.2599999999998,,68.0,3.7806762503480873,0.0,0.0,18.292131582234873,2.5394831445327273,3080.4429122212364,2255.3403049417266,True,False,False,-1.0,-1.8369701987210297e-16
2022-09-15,68.0,,,,,,,,,,,2022,9,3,42.845682370164596,80.85,53.11670908817931,63.898560790054866,69.5168813445996,79.53028225948084,19.331280152178607,,,,,,,39.0501597925871,4.23410650459726,0.0,0.0,0.0,2.722437586972496,,,True,False,False,-1.0,-1.8369701987210297e-16
2022-10-01,39.0501597925871,,,,19.9820064516129,14.8,21.9,29.1,86.6,102728089.0,1.954266198799824,2022,10,4,68.0,42.845682370164596,80.85,49.965280720917235,63.22709187515517,75.26990818450814,15.733398314277721,,,39.0501597925871,0.0,1896.5399999999997,,54.3,3.6901326633338023,0.0,0.0,18.447596152592855,2.500643754155176,3046.446152869054,2005.0535065953766,False,False,False,-0.8660254037844386,0.5000000000000001
2022-10-15,54.3,,,,,,,,,,,2022,10,4,39.0501597925871,68.0,42.845682370164596,53.78338659752904,56.3604252084885,74.38490818450815,14.481832724638037,,,,,,,34.985851070440305,4.012772908528289,0.0,0.0,0.0,2.6354786435787436,,,False,False,False,-0.8660254037844386,0.5000000000000001
2022-11-01,34.985851070440305,,,,19.454355,11.8,20.3,28.8,3.3,91715675.0,1.7983557445333092,2022,11,4,54.3,39.0501597925871,68.0,42.7786702876758,53.33861553886533,69.23880532423603,10.18260428880031,,,34.985851070440305,0.0,66.99,,36.6,3.5831258353801165,0.0,0.0,18.334203871362533,2.4537030639515773,2822.5983433806437,1642.679602528867,False,False,False,-0.5000000000000004,0.8660254037844384
2022-11-15,36.6,,,,,,,,,,,2022,11,4,34.985851070440305,54.3,39.0501597925871,41.96195035681344,45.963615538865334,65.0904719909027,10.715501432037756,,,,,,,34.60718406777566,3.6270040503958487,0.0,0.0,0.0,2.473088887556303,,,False,False,False,-0.5000000000000004,0.8660254037844384
2022-12-01,34.60718406777566,,,,19.600051612903226,9.2,18.0,26.8,1.4,108882435.0,1.7656680069654944,2022,12,4,36.6,34.985851070440305,54.3,35.39767837940532,44.59053248846718,58.65537358320005,1.0583147614201065,,,34.60718406777566,0.0,25.2,,33.0,3.5725474171557927,0.0,0.0,18.505779289312166,2.4490005095158285,2883.2727617283003,1199.3990566391458,False,False,False,-2.4492935982947064e-16,1.0
2022-12-15,33.0,,,,,,,,,,,2022,12,4,34.60718406777566,36.6,34.985851070440305,34.73572802259189,38.75719915513385,54.13704024986672,1.8034391204697398,,,,,,,34.24703985334615,3.5263605246161616,0.0,0.0,0.0,2.42833591943225,,,False,False,False,-2.4492935982947064e-16,1.0
2023-01-01,34.24703985334615,,,,18.98143870967742,7.8,17.4,26.9,0.3,119377959.0,1.804238360282236,2023,1,1,33.0,34.60718406777566,36.6,33.95140797370727,37.95667916526035,50.59188552020776,0.8433912574379926,,,34.24703985334615,0.0,5.22,,43.5025,3.562381549940515,0.0,0.0,18.597805152269277,2.444470717907643,2631.5266509661055,1098.0069673582432,False,False,True,0.49999999999999994,0.8660254037844387
2023-01-15,43.5025,,,,,,,,,,,2023,1,1,34.24703985334615,33.0,34.60718406777566,36.91651328444872,36.15709583192702,46.258760520207765,5.7376121219565634,,,,,,,34.49439992572468,3.795545367369451,0.0,0.0,0.0,2.5457855415957438,,,False,False,True,0.49999999999999994,0.8660254037844387
2023-02-01,34.49439992572468,,,,18.615278571428572,10.0,19.4,28.8,0.0,95056574.0,1.8530155105316544,2023,2,1,43.5025,34.24703985334615,33.0,37.41464659302361,36.075187307807745,44.70690142333654,5.2736861946818925,,,34.49439992572468,0.0,0.0,,41.444871794871794,3.56937493546662,0.0,0.0,18.369982798625177,2.447588008639961,2489.654351214654,1458.642142107089,False,False,True,0.8660254037844386,0.5000000000000001
2023-02-15,41.444871794871794,,,,,,,,,,,2023,2,1,34.49439992572468,43.5025,34.24703985334615,39.81392390686549,36.88266594028638,41.42314073957586,4.72032414110358,,,,,,,41.376319933141744,3.748206099685235,0.0,0.0,0.0,2.5256463677138377,,,False,False,True,0.8660254037844386,0.5000000000000001
2023-03-01,41.376319933141744,,,,18.411983870967745,11.2,21.1,31.0,0.4,126480515.0,2.247249412290897,2023,3,1,41.444871794871794,34.49439992572468,43.5025,39.10519721791274,38.01085525118073,41.30069386982395,3.9932146939119715,,,41.376319933141744,0.0,8.440000000000001,,43.2315,3.7465897140802005,0.0,0.0,18.655598830553565,2.524954900138717,2413.13232043279,1818.1239408342706,False,False,True,1.0,6.123233995736766e-17
2023-03-15,43.2315,,,,,,,,,,,2023,3,1,41.376319933141744,41.444871794871794,34.49439992572468,42.017563909337845,39.71610525118073,39.236652203157284,1.0518581005046783,,,,,,,40.27740481828824,3.7894372049384617,0.0,0.0,0.0,2.543199116441736,,,False,False,True,1.0,6.123233995736766e-17
2023-04-01,40.27740481828824,,,,18.096128333333333,13.0,21.9,30.8,0.1,107273418.0,2.2257470811641333,2023,4,2,43.2315,41.376319933141744,41.444871794871794,41.62840825047666,40.721166078671075,39.338922621965715,1.4930944295178517,,,40.27740481828824,0.0,2.19,,46.31268292682927,3.720315251423021,0.0,0.0,18.49089145090991,2.5136794557882216,2297.375761890705,2005.0535065953766,False,True,False,0.8660254037844387,-0.4999999999999998
2023-04-15,46.31268292682927,,,,,,,,,,,2023,4,2,40.27740481828824,43.2315,41.376319933141744,43.273862581705835,41.18952989980929,38.673312865868155,3.0178620583298583,,,,,,,37.85603957718129,3.8567783975432555,0.0,0.0,0.0,2.5715170407264156,,,False,True,False,0.8660254037844387,-0.4999999999999998
2023-05-01,37.85603957718129,,,,17.735417741935485,15.6,24.4,33.2,4.0,93268998.0,2.134488182236074,2023,5,2,46.31268292682927,40.27740481828824,43.2315,41.482042440766264,41.74980317505206,38.9124952414299,4.355119750007452,,,37.85603957718129,0.0,97.6,,47.15146341463415,3.6598635236032835,0.0,0.0,18.350998338362835,2.4874808269850726,2169.7750559543474,2666.64454789557,False,True,False,0.49999999999999994,-0.8660254037844387
2023-05-15,47.15146341463415,,,,,,,,,,,2023,5,2,37.85603957718129,46.31268292682927,40.27740481828824,43.7733953062149,42.70090177834578,39.791783859316084,5.1417129727968565,,,,,,,49.01895745679292,3.874351530609575,0.0,0.0,0.0,2.578835973672558,,,False,True,False,0.49999999999999994,-0.8660254037844387
2023-06-01,49.01895745679292,,,,17.24599,17.6,26.5,35.3,56.1,69655598.0,2.842339434082527,2023,6,2,47.15146341463415,37.85603957718129,46.31268292682927,44.675486816202785,43.97467469895431,40.99276497506752,5.979174607228401,,,49.01895745679292,0.0,1486.65,,50.63809523809524,3.9124020827051336,0.0,0.0,18.05907364261172,2.59458391142643,2004.3154501877066,3318.226671169196,False,True,False,1.2246467991473532e-16,-1.0
2023-06-15,50.63809523809524,,,,,,,,,,,2023,6,2,49.01895745679292,47.15146341463415,37.85603957718129,48.936172036507436,45.209107238636854,42.46260624490879,1.7447895109307952,,,,,,,62.37346538889917,3.9442596799010876,0.0,0.0,0.0,2.6076647500588086,,,False,True,False,1.2246467991473532e-16,-1.0
2023-07-01,62.37346538889917,49367.0,49367.0,49367.0,16.907216129032257,17.8,24.3,30.9,198.6,55488216.0,3.689162361968891,2023,7,3,50.63809523809524,49.01895745679292,47.15146341463415,54.01017269459578,48.891784000405345,44.806475039538206,7.287928396098198,0.9999797439637012,0.0,62.37346538889917,0.0,4825.98,345569.0,66.74880952380951,4.1490452468473435,10.807057720000902,10.807057720000902,17.831681249870183,2.6895331251455827,1894.852849546689,2637.8516062707695,True,False,False,-0.4999999999999997,-0.8660254037844388
2023-07-15,66.74880952380951,,,,,,,,,,,2023,7,3,62.37346538889917,50.63809523809524,49.01895745679292,59.9201233836013,52.29780509990204,46.74366749985567,8.33084293125265,,,,,,,61.50312270607227,4.21580688800114,0.0,0.0,0.0,2.7154121452023725,,,True,False,False,-0.4999999999999997,-0.8660254037844388
2023-08-01,61.50312270607227,,,,16.97528064516129,17.1,23.5,30.0,190.0,69608583.0,3.62309902214214,2023,8,3,66.74880952380951,62.37346538889917,50.63809523809524,63.541799206260315,56.238985621383875,48.99439439821796,2.811238246581348,,,61.50312270607227,0.0,4465.0,,65.90731707317073,4.135216518791388,0.0,0.0,18.05839845103305,2.6841235338317904,1916.5173595208817,2414.610179353606,True,False,False,-0.8660254037844384,-0.5000000000000004
2023-08-15,65.90731707317073,,,,,,,,,,,2023,8,3,61.50312270607227,66.74880952380951,62.37346538889917,64.71974976768418,59.36496123113998,51.03293150474288,2.8172761004639044,,,,,,,48.653073771458736,4.203308334444403,0.0,0.0,0.0,2.71059703060824,,,True,False,False,-0.8660254037844384,-0.5000000000000004
2023-09-01,48.653073771458736,78764.0,75085.0,78764.0,17.297325555555556,17.0,23.7,30.5,118.8,92114956.0,2.8127512322754624,2023,9,3,65.90731707317073,61.50312270607227,66.74880952380951,58.687837850233905,59.30398061691761,51.63932765793596,8.96502089196151,0.9999873040055862,0.0,48.653073771458736,0.0,2815.56,708876.0,61.09634146341463,3.905060297365621,11.274224014740069,11.274224014740069,18.33854788760584,2.591555937555468,2021.2613992896179,2469.245141379474,True,False,False,-1.0,-1.8369701987210297e-16
2023-09-15,61.09634146341463,,,,,,,,,,,2023,9,3,48.653073771458736,65.90731707317073,61.50312270607227,58.55224410268136,61.047021654470846,53.12806444655384,8.904018840632538,,,,,,,43.393176148033554,4.128687073571342,0.0,0.0,0.0,2.6815634153440415,,,True,False,False,-1.0,-1.8369701987210297e-16
2023-10-01,43.393176148033554,115540.0,119211.0,115540.0,18.076249462365592,15.5,21.8,28.0,156.9,98356706.0,2.400563028208773,2023,10,4,61.09634146341463,48.653073771458736,65.90731707317073,51.04753046096897,57.883640114326575,53.38771205736595,9.09123658664682,0.9999913450636571,0.0,43.393176148033554,0.0,3420.42,1155400.0,55.18175,3.7930857672670006,11.657380724309053,11.657380724309053,18.4041112956953,2.5447444851253125,2290.21683468217,1981.04855160529,False,False,False,-0.8660254037844386,0.5000000000000001
2023-10-15,55.18175,,,,,,,,,,,2023,10,4,43.393176148033554,61.09634146341463,48.653073771458736,53.22375587048273,55.955796860358326,54.126800980130184,9.01253689614355,,,,,,,40.59415396353546,4.0285919710663505,0.0,0.0,0.0,2.6418394838619417,,,False,False,False,-0.8660254037844386,0.5000000000000001
2023-11-01,40.59415396353546,85148.0,97095.0,85148.0,17.381104999999998,13.1,20.5,27.9,18.5,93669621.0,2.335533555751229,2023,11,4,55.18175,43.393176148033554,61.09634146341463,46.389693370523,52.47096873660218,54.35497717899303,7.7416940090188255,0.9999882558808677,0.0,40.59415396353546,0.0,379.25,936628.0,50.28,3.7279596276692857,11.352157942040664,11.352157942040664,18.35528448973359,2.5169668967556573,2049.121644300189,1685.481066819443,False,False,False,-0.5000000000000004,0.8660254037844384
2023-11-15,50.28,,,,,,,,,,,2023,11,4,40.59415396353546,55.18175,43.393176148033554,48.685301321178486,49.86641589107373,54.61568856110685,7.423394603410734,,,,,,,40.067424112391734,3.9373008126124147,0.0,0.0,0.0,2.604815470167362,,,False,False,False,-0.5000000000000004,0.8660254037844384
2023-12-01,40.067424112391734,,,,17.182312096774194,10.4,17.1,23.7,37.6,103655740.0,2.331899449080196,2023,12,4,50.28,40.59415396353546,55.18175,43.647192691975725,48.43547428122923,53.86972744907342,5.750213967589235,,,40.067424112391734,0.0,642.96,,46.927,3.715215206556469,0.0,0.0,18.456585783638282,2.5114830278946556,1983.4271148889352,1049.4305273701661,False,False,False,-2.4492935982947064e-16,1.0
2023-12-15,46.927,,,,,,,,,,,2023,12,4,40.067424112391734,50.28,40.59415396353546,45.75814137079724,46.073917370660126,53.560469512565476,5.205655524171546,,,,,,,41.430675007942476,3.8696790199336757,0.0,0.0,0.0,2.576892790032016,,,False,False,False,-2.4492935982947064e-16,1.0
2024-01-01,41.430675007942476,128836.0,128836.0,110868.0,17.065655645161293,8.9,17.4,25.9,0.9,121201579.0,2.427722430909914,2024,1,1,46.927,40.067424112391734,50.28,42.808366373444734,45.74683384731161,51.815236980819094,3.631386851245736,1.1620561202861035,17968.0,41.430675007942476,0.0,15.659999999999998,128836.0,46.477,3.747871567830148,11.766303318479848,11.616104603153248,18.61296566781815,2.525503280360781,1945.5372776766599,1098.0069673582432,False,False,True,0.49999999999999994,0.8660254037844387
2024-01-15,46.477,,,,,,,,,,,2024,1,1,41.430675007942476,46.927,40.067424112391734,44.94489166931415,44.296042180644946,50.12591952050164,3.0517067449705286,,,,,,,44.22319383771012,3.8602453832465065,0.0,0.0,0.0,2.5729632942269824,,,False,False,True,0.49999999999999994,0.8660254037844387
2024-02-01,44.22319383771012,121968.0,118375.0,101570.0,17.089027586206896,9.9,18.9,27.9,31.2,106365852.0,2.5878121861892294,2024,2,1,46.477,41.430675007942476,46.927,44.043622948550855,44.90088215967405,48.68592544813813,2.52795040685986,1.200815193313052,20398.0,44.22319383771012,0.0,589.68,243936.0,48.48002741440235,3.811610093230338,11.71152219306628,11.52851334031188,18.482395152911494,2.5525708855816203,1953.089477608812,1362.3423858598028,False,False,True,0.8660254037844386,0.5000000000000001
2024-03-01,48.48002741440235,148799.0,145000.0,128020.0,16.775066129032258,10.7,20.7,30.7,0.0,116958861.0,2.8900051446294435,2024,3,1,44.22319383771012,46.477,41.430675007942476,46.393407084037484,44.60088672874111,47.23365130990742,2.129647589770434,1.162301497410581,20779.0,48.48002741440235,0.0,0.0,446397.0,45.35219512195122,3.9015691015743026,11.910358401381128,11.759949591944974,18.577332824096246,2.590114294871566,1853.2573709775772,1728.9856726205428,False,False,True,1.0,6.123233995736766e-17
2024-03-15,45.35219512195122,,,,,,,,,,,2024,3,1,48.48002741440235,44.22319383771012,46.477,46.01847212468789,45.48168189700103,46.95857808911512,2.205244160676422,,,,,,,54.45145590369212,3.836268650587327,0.0,0.0,0.0,2.5629381170735304,,,False,False,True,1.0,6.123233995736766e-17
2024-04-01,54.45145590369212,123103.0,125217.0,97036.0,16.816926666666667,13.2,22.7,32.2,0.2,101092045.0,3.23789578101818,2024,4,2,45.35219512195122,48.48002741440235,44.22319383771012,49.427892813348556,46.73575788094971,46.40483762580492,4.623091314739972,1.2686191864958727,26067.0,54.45145590369212,0.0,4.54,492412.0,52.845365853658535,4.015507969604839,11.720784805552022,11.482847628053488,18.431542006316068,2.636580041709734,1866.366855837974,2203.7794367736005,False,True,False,0.8660254037844387,-0.4999999999999998
2024-04-15,52.845365853658535,,,,,,,,,,,2024,4,2,54.45145590369212,45.35219512195122,48.48002741440235,50.88300562643396,48.638206355235724,47.192520101273665,4.856673752639708,,,,,,,55.3676846552687,3.986116343328446,0.0,0.0,0.0,2.624708330443114,,,False,True,False,0.8660254037844387,-0.4999999999999998
2024-05-01,55.3676846552687,81763.0,94792.0,66527.0,16.790279032258063,16.1,25.7,35.3,5.1,71738113.0,3.297603604376937,2024,5,2,52.845365853658535,54.45145590369212,45.35219512195122,54.22150213753978,50.119987131113845,47.208014655879396,1.2767858415443305,1.2290013227513228,15236.0,55.3676846552687,0.0,131.07,408815.0,57.545853658536586,4.031896027190469,11.311592327919868,11.10537819065774,18.08853274034453,2.64316516784572,1858.014483956188,3059.298542995066,False,True,False,0.49999999999999994,-0.8660254037844387
2024-05-15,57.545853658536586,,,,,,,,,,,2024,5,2,55.3676846552687,52.845365853658535,54.45145590369212,55.25296805582127,52.34043043458491,48.62065629712949,2.352342731108048,,,,,,,74.49788011443592,4.069810270431663,0.0,0.0,0.0,2.658306643760634,,,False,True,False,0.49999999999999994,-0.8660254037844387
2024-06-01,74.49788011443592,75911.0,94695.0,57976.0,18.180229999999998,18.5,25.8,33.1,127.3,46599615.0,4.097741344000374,2024,6,2,57.545853658536586,55.3676846552687,52.845365853658535,62.47047280941373,56.676739217923846,50.63881297333248,10.472821965085604,1.309329561722752,17935.0,74.49788011443592,0.0,3284.34,455466.0,70.44300000000001,4.3241045779062945,11.237330053653594,10.967801659156992,17.657102858718574,2.756568146325418,2327.8280332175723,3090.934416964756,False,True,False,1.2246467991473532e-16,-1.0
2024-06-15,70.44300000000001,,,,,,,,,,,2024,6,2,74.49788011443592,57.545853658536586,55.3676846552687,67.49557792432417,60.85854003093198,53.1701109639665,8.852020837612104,,,,,,,73.15461385626013,4.268899928967626,0.0,0.0,0.0,2.735715115740355,,,False,True,False,1.2246467991473532e-16,-1.0
2024-07-01,73.15461385626013,50083.0,50083.0,44164.0,18.10151612903226,18.0,23.6,29.2,299.4,48980804.0,4.04135285325247,2024,7,3,70.44300000000001,74.49788011443592,57.545853658536586,72.69849799023201,63.97573302302664,55.35574545198818,2.065561533348694,1.133997509339975,5919.0,73.15461385626013,0.0,7065.84,350581.0,85.33341463414634,4.306152289928802,10.821456874788838,10.695687899179232,17.706939044632943,2.749815440342326,2299.31861932829,2441.8304029906053,True,False,False,-0.4999999999999997,-0.8660254037844388
2024-07-15,85.33341463414634,,,,,,,,,,,2024,7,3,73.15461385626013,70.44300000000001,74.49788011443592,76.31034283013548,69.39040781977461,59.014307087505166,7.93095713086532,,,,,,,83.07548761139763,4.458216714739243,0.0,0.0,0.0,2.806154293581984,,,True,False,False,-0.4999999999999997,-0.8660254037844388
2024-08-01,83.07548761139763,72634.0,72634.0,62074.0,19.133840860215052,17.5,23.6,29.7,239.4,73957532.0,4.341809269676549,2024,8,3,85.33341463414634,73.15461385626013,70.44300000000001,80.52117203393469,74.00837497912943,62.064181055121644,6.478749350670979,1.1701006846556585,10560.0,83.07548761139763,0.0,5649.84,581072.0,83.52951219512195,4.431715057328785,11.193202178306985,11.036098610376367,18.11900160805884,2.7964747605560913,2692.128616495177,2441.8304029906053,True,False,False,-0.8660254037844384,-0.5000000000000004
2024-08-15,83.52951219512195,,,,,,,,,,,2024,8,3,83.07548761139763,85.33341463414634,73.15461385626013,83.97947148022196,78.338984735227,65.33970758490595,1.1943224559170502,,,,,,,66.8746330701827,4.437100730134193,0.0,0.0,0.0,2.7984465461933947,,,True,False,False,-0.8660254037844384,-0.5000000000000004
2024-09-01,66.8746330701827,106582.0,106582.0,99800.0,19.605119444444444,18.0,23.9,29.8,224.1,85292985.0,3.4110801140328246,2024,9,3,83.52951219512195,83.07548761139763,85.33341463414634,77.82654429223409,77.0684435611848,66.87259138955432,9.487349690110216,1.06794521096983,6782.0,66.8746330701827,0.0,5355.99,959238.0,78.53175,4.217662372275328,11.576679303324774,11.510933482289435,18.261602781648456,2.716125815682419,2885.3987174593417,2524.660537986554,True,False,False,-1.0,-1.8369701987210297e-16
2024-09-15,78.53175,,,,,,,,,,,2024,9,3,66.8746330701827,83.52951219512195,83.07548761139763,76.31196508843487,78.4165685611848,69.63755429605838,8.546451512575242,,,,,,,62.74275237801147,4.3761563130020695,0.0,0.0,0.0,2.775992697487501,,,True,False,False,-1.0,-1.8369701987210297e-16
2024-10-01,62.74275237801147,116365.0,116365.0,100279.0,19.68113064516129,14.5,22.0,29.5,45.6,109847021.0,3.187964833384057,2024,10,4,78.53175,66.8746330701827,83.52951219512195,69.38304514939804,76.68125831481002,70.32849566891834,8.187930742633357,1.16040087754288,16086.0,62.74275237801147,0.0,1003.2,1163650.0,70.763,4.154855489387488,11.664495675391134,11.515721552272229,18.51459924673238,2.691800952666994,2917.4108229513863,2029.2427832244766,False,False,False,-0.8660254037844386,0.5000000000000001
2024-10-15,70.763,,,,,,,,,,,2024,10,4,62.74275237801147,78.53175,66.8746330701827,70.67916745933715,74.25285587578564,71.82163184778011,7.894832639008312,,,,,,,63.92105910077082,4.273369022896761,0.0,0.0,0.0,2.7374129941442877,,,False,False,False,-0.8660254037844386,0.5000000000000001
2024-11-01,63.92105910077082,99912.0,99912.0,88323.0,20.320893888888886,13.0,21.3,29.6,5.7,96437946.0,3.1455830363703514,2024,11,4,70.763,62.74275237801147,78.53175,65.8089371595941,71.06045112401449,72.53441305157196,4.330606845841331,1.1311987681717313,11589.0,63.92105910077082,0.0,121.41000000000001,1099032.0,65.17463414634146,4.173172056450023,11.512055086300585,11.38876715034044,18.384410323203287,2.6989306810865377,3196.2728397583846,1863.7673913450787,False,False,False,-0.5000000000000004,0.8660254037844384
2024-11-15,65.17463414634146,,,,,,,,,,,2024,11,4,63.92105910077082,70.763,62.74275237801147,66.61956441570409,68.00130478255107,73.17014475888904,3.642651016722779,,,,,,,67.34298643097559,4.19229721951974,0.0,0.0,0.0,2.706343643582099,,,False,False,False,-0.5000000000000004,0.8660254037844384
2024-12-01,67.34298643097559,119649.0,119649.0,103809.0,20.25092365591398,10.7,19.3,27.9,1.8,87885284.0,3.3254278953004235,2024,12,4,65.17463414634146,63.92105910077082,70.763,65.47955989269595,68.07936367601657,72.57390361860068,1.7312225294276153,1.152576823042096,15840.0,67.34298643097559,0.0,34.74,1435788.0,64.53999999999999,4.2245389453369055,11.692326093336519,11.55031758418729,18.29154294249809,2.7187681204376,3164.944919183923,1439.0467221567303,False,False,False,-2.4492935982947064e-16,1.0
2024-12-15,64.53999999999999,,,,,,,,,,,2024,12,4,67.34298643097559,65.17463414634146,63.92105910077082,65.68587352577232,65.74740534268322,72.08198695193401,1.4697644404372416,,,,,,,83.1700872903283,4.182660643270668,0.0,0.0,0.0,2.702612497188513,,,False,False,False,-2.4492935982947064e-16,1.0
2025-01-01,83.1700872903283,126694.0,126694.0,103767.0,20.564517741935482,9.9,18.2,26.5,7.3,117830368.0,4.044349025541531,2025,1,1,64.53999999999999,67.34298643097559,65.17463414634146,71.68435790710129,69.1519611614027,72.91660973810636,10.045181323978536,1.220935163056048,22927.0,83.1700872903283,0.0,132.85999999999999,126694.0,65.89450000000001,4.432839600294686,11.749537902231403,11.549912917020508,18.584756597314936,2.796886673486675,3306.9618985036664,1234.471150957058,False,False,True,0.49999999999999994,0.8660254037844387
2025-01-15,65.89450000000001,,,,,,,,,,,2025,1,1,83.1700872903283,64.53999999999999,67.34298643097559,71.20152909677608,68.34054449473602,71.29670018526083,10.387177503385594,,,,,,,80.17870234954184,4.20311675149747,0.0,0.0,0.0,2.710523116391324,,,False,False,True,0.49999999999999994,0.8660254037844387
2025-02-01,80.17870234954184,99841.0,99841.0,81891.0,20.459160714285712,10.7,20.2,29.7,0.9,77544507.0,3.918963415422836,2025,2,1,65.89450000000001,83.1700872903283,64.53999999999999,76.4144298799567,71.05015170286454,71.05530141343951,9.232485552406882,1.219178918575685,17950.0,80.17870234954184,0.0,18.18,199682.0,66.36263157894737,4.396652926428864,11.511344215453898,11.31315658497247,18.166362626252486,2.783578929197391,3258.7854158508007,1621.5410107144137,False,False,True,0.8660254037844386,0.5000000000000001
2025-02-15,66.36263157894737,,,,,,,,,,,2025,2,1,80.17870234954184,65.89450000000001,83.1700872903283,70.81194464282974,71.24815127496551,69.6247280287583,8.115226382917198,,,,,,,83.95542238140862,4.210090436554384,0.0,0.0,0.0,2.7132115529973166,,,False,False,True,0.8660254037844386,0.5000000000000001
2025-03-01,83.95542238140862,136888.0,136888.0,111635.0,20.235451612903226,10.7,21.0,31.2,0.0,99383623.0,4.148927535072856,2025,3,1,66.36263157894737,80.17870234954184,65.89450000000001,76.83225210329927,74.01689060003768,71.04812713802711,9.26151278100562,1.2261994338743774,25253.0,83.95542238140862,0.0,0.0,410664.0,70.29578947368421,4.442126676350548,11.826925657427365,11.622998857556558,18.414497909563334,2.8002844605688884,3158.0453191622314,1795.5717110147557,False,False,True,1.0,6.123233995736766e-17
2025-03-15,70.29578947368421,,,,,,,,,,,2025,3,1,83.95542238140862,66.36263157894737,80.17870234954184,73.53794781134673,74.97618884565172,70.36179709416747,9.233648524264568,,,,,,,82.1366673150779,4.266837272011496,0.0,0.0,0.0,2.734930900134329,,,False,False,True,1.0,6.123233995736766e-17
2025-04-01,82.1366673150779,85723.0,85723.0,68103.0,20.039089999999998,12.6,22.5,32.3,0.0,73236881.0,4.098822217729343,2025,4,2,70.29578947368421,83.95542238140862,66.36263157894737,78.79595972339023,74.80395218310998,71.97795667225634,7.417320149711986,1.2587072712322331,17620.0,82.1366673150779,0.0,0.0,342892.0,74.86473684210527,4.420485847804289,11.358888112054567,11.128791227563893,18.109209704499527,2.7923558104992225,3071.3485676106447,2152.9751319536667,False,True,False,0.8660254037844387,-0.4999999999999998
2025-04-15,74.86473684210527,,,,,,,,,,,2025,4,2,82.1366673150779,70.29578947368421,83.95542238140862,75.76573121028912,76.2989916567942,72.31976807576511,5.971636304425495,,,,,,,74.50275814172049,4.328951976205687,0.0,0.0,0.0,2.758386777492333,,,False,True,False,0.8660254037844387,-0.4999999999999998
2025-05-01,74.50275814172049,81064.0,81064.0,63753.0,19.448234946236557,16.2,24.8,33.4,29.2,69777715.0,3.8308236376040687,2025,5,2,74.86473684210527,82.1366673150779,70.29578947368421,77.16805409963455,75.35300095549064,73.20157632917758,4.306749947280237,1.271512375694074,17311.0,74.50275814172049,0.0,724.16,405320.0,80.94923076923077,4.324169187266131,11.303006580984169,11.06278720615032,18.060825261745542,2.756592399392691,2820.0684750923006,2783.814710465263,False,True,False,0.49999999999999994,-0.8660254037844387
2025-05-15,80.94923076923077,,,,,,,,,,,2025,5,2,74.50275814172049,74.86473684210527,82.1366673150779,76.7722419176855,77.78410082053789,74.5161260477517,3.621903373136776,,,,,,,68.17754745926968,4.4060999185592165,0.0,0.0,0.0,2.787063617177133,,,False,True,False,0.49999999999999994,-0.8660254037844387
2025-06-01,68.17754745926968,75678.0,91766.0,62222.0,19.03079222222222,18.5,24.4,30.3,231.4,63660039.0,3.5824860396331206,2025,6,2,80.94923076923077,74.50275814172049,74.86473684210527,74.54317879007363,75.15445500018139,74.58567280010953,6.385937598669493,1.2162383684489657,13456.0,68.17754745926968,0.0,5646.16,454068.0,79.50820512820513,4.236676351294443,11.234255990107805,11.038479985296988,17.96906760815607,2.7234218511981174,2651.051246964784,2666.64454789557,False,True,False,1.2246467991473532e-16,-1.0
2025-06-15,79.50820512820513,,,,,,,,,,,2025,6,2,68.17754745926968,80.94923076923077,74.50275814172049,76.21166111890186,76.6898576092682,75.83302322745996,6.9949535699993035,,,,,,,54.54651469578658,4.388359106288757,0.0,0.0,0.0,2.780513453659892,,,False,True,False,1.2246467991473532e-16,-1.0
2025-07-01,54.54651469578658,74122.0,74122.0,64535.0,18.6856,17.3,23.3,29.3,180.8,71427963.0,2.919173839522765,2025,7,3,79.50820512820513,68.17754745926968,80.94923076923077,67.41075576108712,72.09149883938632,73.44772551124815,12.498498887557664,1.1485372505268376,9587.0,54.54651469578658,0.0,4212.64,518854.0,75.50365853658536,4.017220772367277,11.213481154485768,11.07497848661681,18.084200003294992,2.6372694330193602,2516.495506648313,2360.7508971613915,True,False,False,-0.4999999999999997,-0.8660254037844388
2025-07-15,75.50365853658536,,,,,,,,,,,2025,7,3,54.54651469578658,79.50820512820513,68.17754745926968,69.85279278685901,72.19798578846634,74.24848872263027,13.405995304417049,,,,,,,43.497499715270095,4.33733856369661,0.0,0.0,0.0,2.7615285163627337,,,True,False,False,-0.4999999999999997,-0.8660254037844388
2025-08-01,43.497499715270095,107104.0,107104.0,93907.0,18.705890322580647,17.1,23.3,29.5,207.2,83998507.0,2.32533704438342,2025,8,3,75.50365853658536,54.54651469578658,79.50820512820513,57.84922431588066,67.03044271739127,71.19172183644095,16.256674590758536,1.140520509434766,13197.0,43.497499715270095,0.0,4827.76,856832.0,69.89142857142858,3.795433001419987,11.581564940686917,11.450070858585399,18.24630959474508,2.545737993950643,2524.2758446820235,2360.7508971613915,True,False,False,-0.8660254037844384,-0.5000000000000004
2025-08-15,69.89142857142858,,,,,,,,,,,2025,8,3,43.497499715270095,75.50365853658536,54.54651469578658,62.96419560776133,65.18747568442423,71.48578825248106,17.09059589433636,,,,,,,37.53449659097787,4.261149531609549,0.0,0.0,0.0,2.7327665395468346,,,True,False,False,-0.8660254037844384,-0.5000000000000004
2025-09-01,37.53449659097787,99557.0,99557.0,87966.0,18.48426,17.9,23.9,29.8,208.3,94283782.0,2.0306193805420323,2025,9,3,69.89142857142858,43.497499715270095,75.50365853658536,50.30780829255883,60.08030053970894,67.61737776994516,17.219988065771126,1.1317539531869907,11591.0,37.53449659097787,0.0,4978.37,896013.0,60.335952380952385,3.651553855461685,11.508495667890843,11.38471702313026,18.36181976038631,2.4838514379677097,2440.1555181225913,2524.660537986554,True,False,False,-1.0,-1.8369701987210297e-16
2025-09-15,60.335952380952385,,,,,,,,,,,2025,9,3,37.53449659097787,69.89142857142858,43.497499715270095,55.92062584778626,56.88492508183348,66.78739134555084,16.62420202875139,,,,,,,36.139663161507784,4.116366169892531,0.0,0.0,0.0,2.6767222049431094,,,True,False,False,-1.0,-1.8369701987210297e-16
2025-10-01,36.139663161507784,119372.0,119372.0,103725.0,18.426267741935483,,,,,113535237.0,1.9613121695425717,2025,10,4,60.335952380952385,37.53449659097787,69.89142857142858,44.67003737781267,53.817116492787015,62.95430766608666,13.58499391748819,1.1508397123189942,15647.0,36.139663161507784,0.0,,1193720.0,50.76175,3.6146854864571476,11.69000832371598,11.549508086031915,18.54762381366119,2.4676658716142965,2418.457004303763,,False,False,False,-0.8660254037844386,0.5000000000000001
2025-11-01,,146576.0,146576.0,127451.0,18.417576666666665,,,,,,,2025,11,4,50.76175,36.139663161507784,60.335952380952385,43.450706580753874,50.932658140973324,59.71326790992857,10.33937675859648,1.1500486457646801,19125.0,,,,1612336.0,48.40666666666667,0.0,11.895306166631018,11.75549510210954,0.0,,2415.216249036318,,False,False,False,-0.5000000000000004,0.8660254037844384
2025-12-01,,115158.0,100206.0,99478.0,18.058551612903226,,,,,,,2025,12,4,48.40666666666667,,50.76175,48.40666666666667,48.911008052281716,55.61258354473804,,1.1576111541129284,15680.0,,,,1381896.0,46.93153846153846,0.0,11.654069061117726,11.507701845595003,0.0,,2283.855870822036,,False,False,False,-2.4492935982947064e-16,1.0
2025-12-15,46.93153846153846,,,,,,,,,,,2025,12,4,,48.40666666666667,,47.66910256410255,45.55990457242823,52.35491687807138,1.0430731569671055,,,,,,,44.814499999999995,3.8697737107481753,0.0,0.0,0.0,2.5769321900682955,,,False,False,False,-2.4492935982947064e-16,1.0
