date,produccion_tons,precio_productor_ton,rendimiento,superficie_cosechada,superficie_sembrada,precio_productor_kg,month,year,month_sin,month_cos
1996-01-01,386.014213022768,1657.0,9.2,613.0,1040.0,1.657,1,1996,0.49999999999999994,0.8660254037844387
1996-02-01,479.08610302696223,1657.0,9.2,613.0,1040.0,1.657,2,1996,0.8660254037844386,0.5000000000000001
1996-03-01,606.1151266572505,1657.0,9.2,613.0,1040.0,1.657,3,1996,1.0,6.123233995736766e-17
1996-04-01,636.2765359743228,1657.0,9.2,613.0,1040.0,1.657,4,1996,0.8660254037844387,-0.49999999999999983
1996-05-01,762.0974973485667,1657.0,9.2,613.0,1040.0,1.657,5,1996,0.49999999999999994,-0.8660254037844387
1996-06-01,504.28387286300625,1657.0,9.2,613.0,1040.0,1.657,6,1996,1.2246467991473532e-16,-1.0
1996-07-01,512.6855626316292,1657.0,9.2,613.0,1040.0,1.657,7,1996,-0.4999999999999998,-0.8660254037844388
1996-08-01,522.8464246280873,1657.0,9.2,613.0,1040.0,1.657,8,1996,-0.8660254037844384,-0.5000000000000004
1996-09-01,466.23903613488886,1657.0,9.2,613.0,1040.0,1.657,9,1996,-1.0,-1.8369701987210297e-16
1996-10-01,589.2278032170165,1657.0,9.2,613.0,1040.0,1.657,10,1996,-0.8660254037844386,0.5000000000000001
1996-11-01,551.4165495233005,1657.0,9.2,613.0,1040.0,1.657,11,1996,-0.5000000000000004,0.8660254037844384
1996-12-01,518.7112749722012,1657.0,9.2,613.0,1040.0,1.657,12,1996,-2.4492935982947064e-16,1.0
1997-01-01,238.14620497808937,2563.305,10.315,615.0,743.0,2.5633049999999997,1,1997,0.49999999999999994,0.8660254037844387
1997-02-01,213.01389668766416,2563.305,10.315,615.0,743.0,2.5633049999999997,2,1997,0.8660254037844386,0.5000000000000001
1997-03-01,261.27501136161266,2563.305,10.315,615.0,743.0,2.5633049999999997,3,1997,1.0,6.123233995736766e-17
1997-04-01,275.5634885454508,2563.305,10.315,615.0,743.0,2.5633049999999997,4,1997,0.8660254037844387,-0.49999999999999983
1997-05-01,242.74507801316295,2563.305,10.315,615.0,743.0,2.5633049999999997,5,1997,0.49999999999999994,-0.8660254037844387
1997-06-01,246.0110156551831,2563.305,10.315,615.0,743.0,2.5633049999999997,6,1997,1.2246467991473532e-16,-1.0
1997-07-01,266.74447319583913,2563.305,10.315,615.0,743.0,2.5633049999999997,7,1997,-0.4999999999999998,-0.8660254037844388
1997-08-01,261.3061623732584,2563.305,10.315,615.0,743.0,2.5633049999999997,8,1997,-0.8660254037844384,-0.5000000000000004
1997-09-01,268.1544663545426,2563.305,10.315,615.0,743.0,2.5633049999999997,9,1997,-1.0,-1.8369701987210297e-16
1997-10-01,376.62556795898723,2563.305,10.315,615.0,743.0,2.5633049999999997,10,1997,-0.8660254037844386,0.5000000000000001
1997-11-01,1633.127855122165,2563.305,10.315,615.0,743.0,2.5633049999999997,11,1997,-0.5000000000000004,0.8660254037844384
1997-12-01,2456.2867797540443,2563.305,10.315,615.0,743.0,2.5633049999999997,12,1997,-2.4492935982947064e-16,1.0
1998-01-01,960.8046365521492,3381.515,7.98,590.0,595.0,3.381515,1,1998,0.49999999999999994,0.8660254037844387
1998-02-01,1111.7157305511769,3381.515,7.98,590.0,595.0,3.381515,2,1998,0.8660254037844386,0.5000000000000001
1998-03-01,203.73528677916528,3381.515,7.98,590.0,595.0,3.381515,3,1998,1.0,6.123233995736766e-17
1998-04-01,64.33000651906544,3381.515,7.98,590.0,595.0,3.381515,4,1998,0.8660254037844387,-0.49999999999999983
1998-05-01,85.3045707589735,3381.515,7.98,590.0,595.0,3.381515,5,1998,0.49999999999999994,-0.8660254037844387
1998-06-01,78.42103479377685,3381.515,7.98,590.0,595.0,3.381515,6,1998,1.2246467991473532e-16,-1.0
1998-07-01,81.90034738581602,3381.515,7.98,590.0,595.0,3.381515,7,1998,-0.4999999999999998,-0.8660254037844388
1998-08-01,68.55109332334295,3381.515,7.98,590.0,595.0,3.381515,8,1998,-0.8660254037844384,-0.5000000000000004
1998-09-01,55.231874948422565,3381.515,7.98,590.0,595.0,3.381515,9,1998,-1.0,-1.8369701987210297e-16
1998-10-01,58.06273850026204,3381.515,7.98,590.0,595.0,3.381515,10,1998,-0.8660254037844386,0.5000000000000001
1998-11-01,1172.908616775678,3381.515,7.98,590.0,595.0,3.381515,11,1998,-0.5000000000000004,0.8660254037844384
1998-12-01,1044.034063112171,3381.515,7.98,590.0,595.0,3.381515,12,1998,-2.4492935982947064e-16,1.0
1999-01-01,1169.3748643150657,4659.45,9.05,604.0,606.0,4.65945,1,1999,0.49999999999999994,0.8660254037844387
1999-02-01,1175.9087235575505,4659.45,9.05,604.0,606.0,4.65945,2,1999,0.8660254037844386,0.5000000000000001
1999-03-01,288.48652105864096,4659.45,9.05,604.0,606.0,4.65945,3,1999,1.0,6.123233995736766e-17
1999-04-01,53.78482269032017,4659.45,9.05,604.0,606.0,4.65945,4,1999,0.8660254037844387,-0.49999999999999983
1999-05-01,61.33852085104304,4659.45,9.05,604.0,606.0,4.65945,5,1999,0.49999999999999994,-0.8660254037844387
1999-06-01,53.53470023466709,4659.45,9.05,604.0,606.0,4.65945,6,1999,1.2246467991473532e-16,-1.0
1999-07-01,45.10462962083524,4659.45,9.05,604.0,606.0,4.65945,7,1999,-0.4999999999999998,-0.8660254037844388
1999-08-01,65.18946280977718,4659.45,9.05,604.0,606.0,4.65945,8,1999,-0.8660254037844384,-0.5000000000000004
1999-09-01,49.298192150897926,4659.45,9.05,604.0,606.0,4.65945,9,1999,-1.0,-1.8369701987210297e-16
1999-10-01,52.66210321485099,4659.45,9.05,604.0,606.0,4.65945,10,1999,-0.8660254037844386,0.5000000000000001
1999-11-01,1493.793127880337,4659.45,9.05,604.0,606.0,4.65945,11,1999,-0.5000000000000004,0.8660254037844384
1999-12-01,1056.5243316160145,4659.45,9.05,604.0,606.0,4.65945,12,1999,-2.4492935982947064e-16,1.0
2000-01-01,1218.1116892355467,5072.495,8.82,619.0,654.0,5.072495,1,2000,0.49999999999999994,0.8660254037844387
2000-02-01,1124.8402673245225,5072.495,8.82,619.0,654.0,5.072495,2,2000,0.8660254037844386,0.5000000000000001
2000-03-01,301.92721585578164,5072.495,8.82,619.0,654.0,5.072495,3,2000,1.0,6.123233995736766e-17
2000-04-01,73.05711052960305,5072.495,8.82,619.0,654.0,5.072495,4,2000,0.8660254037844387,-0.49999999999999983
2000-05-01,80.53855679047346,5072.495,8.82,619.0,654.0,5.072495,5,2000,0.49999999999999994,-0.8660254037844387
2000-06-01,64.31003739875675,5072.495,8.82,619.0,654.0,5.072495,6,2000,1.2246467991473532e-16,-1.0
2000-07-01,79.02091578991283,5072.495,8.82,619.0,654.0,5.072495,7,2000,-0.4999999999999998,-0.8660254037844388
2000-08-01,78.34861352658918,5072.495,8.82,619.0,654.0,5.072495,8,2000,-0.8660254037844384,-0.5000000000000004
2000-09-01,74.24614097878707,5072.495,8.82,619.0,654.0,5.072495,9,2000,-1.0,-1.8369701987210297e-16
2000-10-01,96.26741352013325,5072.495,8.82,619.0,654.0,5.072495,10,2000,-0.8660254037844386,0.5000000000000001
2000-11-01,1280.1968585775198,5072.495,8.82,619.0,654.0,5.072495,11,2000,-0.5000000000000004,0.8660254037844384
2000-12-01,742.1351804723737,5072.495,8.82,619.0,654.0,5.072495,12,2000,-2.4492935982947064e-16,1.0
2001-01-01,1092.548600026074,6027.33,8.434999999999999,614.5,628.0,6.02733,1,2001,0.49999999999999994,0.8660254037844387
2001-02-01,1081.8013923197145,6027.33,8.434999999999999,614.5,628.0,6.02733,2,2001,0.8660254037844386,0.5000000000000001
2001-03-01,91.42745280914222,6027.33,8.434999999999999,614.5,628.0,6.02733,3,2001,1.0,6.123233995736766e-17
2001-04-01,16.943903125065148,6027.33,8.434999999999999,614.5,628.0,6.02733,4,2001,0.8660254037844387,-0.49999999999999983
2001-05-01,13.070440742558068,6027.33,8.434999999999999,614.5,628.0,6.02733,5,2001,0.49999999999999994,-0.8660254037844387
2001-06-01,14.390764820622312,6027.33,8.434999999999999,614.5,628.0,6.02733,6,2001,1.2246467991473532e-16,-1.0
2001-07-01,14.505909362313963,6027.33,8.434999999999999,614.5,628.0,6.02733,7,2001,-0.4999999999999998,-0.8660254037844388
2001-08-01,14.747712899866423,6027.33,8.434999999999999,614.5,628.0,6.02733,8,2001,-0.8660254037844384,-0.5000000000000004
2001-09-01,14.448337091468137,6027.33,8.434999999999999,614.5,628.0,6.02733,9,2001,-1.0,-1.8369701987210297e-16
2001-10-01,21.55966398634439,6027.33,8.434999999999999,614.5,628.0,6.02733,10,2001,-0.8660254037844386,0.5000000000000001
2001-11-01,1389.4526389293812,6027.33,8.434999999999999,614.5,628.0,6.02733,11,2001,-0.5000000000000004,0.8660254037844384
2001-12-01,1169.3031838874492,6027.33,8.434999999999999,614.5,628.0,6.02733,12,2001,-2.4492935982947064e-16,1.0
2002-01-01,983.0404688733537,5323.585,8.559999999999999,625.5,694.2,5.3235850000000005,1,2002,0.49999999999999994,0.8660254037844387
2002-02-01,705.2776080614883,5323.585,8.559999999999999,625.5,694.2,5.3235850000000005,2,2002,0.8660254037844386,0.5000000000000001
2002-03-01,934.8843846036082,5323.585,8.559999999999999,625.5,694.2,5.3235850000000005,3,2002,1.0,6.123233995736766e-17
2002-04-01,877.1970279218776,5323.585,8.559999999999999,625.5,694.2,5.3235850000000005,4,2002,0.8660254037844387,-0.49999999999999983
2002-05-01,10.048570782661484,5323.585,8.559999999999999,625.5,694.2,5.3235850000000005,5,2002,0.49999999999999994,-0.8660254037844387
2002-06-01,7.368805439277947,5323.585,8.559999999999999,625.5,694.2,5.3235850000000005,6,2002,1.2246467991473532e-16,-1.0
2002-07-01,6.320427389980772,5323.585,8.559999999999999,625.5,694.2,5.3235850000000005,7,2002,-0.4999999999999998,-0.8660254037844388
2002-08-01,7.338846074180866,5323.585,8.559999999999999,625.5,694.2,5.3235850000000005,8,2002,-0.8660254037844384,-0.5000000000000004
2002-09-01,6.899442052757018,5323.585,8.559999999999999,625.5,694.2,5.3235850000000005,9,2002,-1.0,-1.8369701987210297e-16
2002-10-01,488.2046315013829,5323.585,8.559999999999999,625.5,694.2,5.3235850000000005,10,2002,-0.8660254037844386,0.5000000000000001
2002-11-01,740.0386604672283,5323.585,8.559999999999999,625.5,694.2,5.3235850000000005,11,2002,-0.5000000000000004,0.8660254037844384
2002-12-01,659.3311268322028,5323.585,8.559999999999999,625.5,694.2,5.3235850000000005,12,2002,-2.4492935982947064e-16,1.0
2003-01-01,649.9100361897703,6100.870382182986,8.437035829572647,616.0,680.7,6.100870382182986,1,2003,0.49999999999999994,0.8660254037844387
2003-02-01,638.6879649475661,6100.870382182986,8.437035829572647,616.0,680.7,6.100870382182986,2,2003,0.8660254037844386,0.5000000000000001
2003-03-01,810.0512457708854,6100.870382182986,8.437035829572647,616.0,680.7,6.100870382182986,3,2003,1.0,6.123233995736766e-17
2003-04-01,840.1907752532939,6100.870382182986,8.437035829572647,616.0,680.7,6.100870382182986,4,2003,0.8660254037844387,-0.49999999999999983
2003-05-01,9.628510620459865,6100.870382182986,8.437035829572647,616.0,680.7,6.100870382182986,5,2003,0.49999999999999994,-0.8660254037844387
2003-06-01,5.155585334366257,6100.870382182986,8.437035829572647,616.0,680.7,6.100870382182986,6,2003,1.2246467991473532e-16,-1.0
2003-07-01,5.109053717616008,6100.870382182986,8.437035829572647,616.0,680.7,6.100870382182986,7,2003,-0.4999999999999998,-0.8660254037844388
2003-08-01,7.841608186079238,6100.870382182986,8.437035829572647,616.0,680.7,6.100870382182986,8,2003,-0.8660254037844384,-0.5000000000000004
2003-09-01,5.283400028477702,6100.870382182986,8.437035829572647,616.0,680.7,6.100870382182986,9,2003,-1.0,-1.8369701987210297e-16
2003-10-01,763.0114625351767,6100.870382182986,8.437035829572647,616.0,680.7,6.100870382182986,10,2003,-0.8660254037844386,0.5000000000000001
2003-11-01,555.7871776445407,6100.870382182986,8.437035829572647,616.0,680.7,6.100870382182986,11,2003,-0.5000000000000004,0.8660254037844384
2003-12-01,862.5431797717674,6100.870382182986,8.437035829572647,616.0,680.7,6.100870382182986,12,2003,-2.4492935982947064e-16,1.0
2004-01-01,722.8809697857007,5823.271262794244,8.849176574627217,478.7,600.2,5.823271262794243,1,2004,0.49999999999999994,0.8660254037844387
2004-02-01,598.1427288391451,5823.271262794244,8.849176574627217,478.7,600.2,5.823271262794243,2,2004,0.8660254037844386,0.5000000000000001
2004-03-01,1001.8867093712181,5823.271262794244,8.849176574627217,478.7,600.2,5.823271262794243,3,2004,1.0,6.123233995736766e-17
2004-04-01,732.168110737246,5823.271262794244,8.849176574627217,478.7,600.2,5.823271262794243,4,2004,0.8660254037844387,-0.49999999999999983
2004-05-01,4.714769226394084,5823.271262794244,8.849176574627217,478.7,600.2,5.823271262794243,5,2004,0.49999999999999994,-0.8660254037844387
2004-06-01,5.887332201655479,5823.271262794244,8.849176574627217,478.7,600.2,5.823271262794243,6,2004,1.2246467991473532e-16,-1.0
2004-07-01,4.0672491515647735,5823.271262794244,8.849176574627217,478.7,600.2,5.823271262794243,7,2004,-0.4999999999999998,-0.8660254037844388
2004-08-01,1.7656852344737066,5823.271262794244,8.849176574627217,478.7,600.2,5.823271262794243,8,2004,-0.8660254037844384,-0.5000000000000004
2004-09-01,5.48224907167859,5823.271262794244,8.849176574627217,478.7,600.2,5.823271262794243,9,2004,-1.0,-1.8369701987210297e-16
2004-10-01,184.24988904093402,5823.271262794244,8.849176574627217,478.7,600.2,5.823271262794243,10,2004,-0.8660254037844386,0.5000000000000001
2004-11-01,412.65996858068615,5823.271262794244,8.849176574627217,478.7,600.2,5.823271262794243,11,2004,-0.5000000000000004,0.8660254037844384
2004-12-01,559.7143387593029,5823.271262794244,8.849176574627217,478.7,600.2,5.823271262794243,12,2004,-2.4492935982947064e-16,1.0
2005-01-01,344.37938230423924,6932.80823142736,8.137396232443322,727.4300000000001,1384.53,6.93280823142736,1,2005,0.49999999999999994,0.8660254037844387
2005-02-01,438.7440124672722,6932.80823142736,8.137396232443322,727.4300000000001,1384.53,6.93280823142736,2,2005,0.8660254037844386,0.5000000000000001
2005-03-01,574.0254897385346,6932.80823142736,8.137396232443322,727.4300000000001,1384.53,6.93280823142736,3,2005,1.0,6.123233995736766e-17
2005-04-01,563.8952854845941,6932.80823142736,8.137396232443322,727.4300000000001,1384.53,6.93280823142736,4,2005,0.8660254037844387,-0.49999999999999983
2005-05-01,485.0660697587737,6932.80823142736,8.137396232443322,727.4300000000001,1384.53,6.93280823142736,5,2005,0.49999999999999994,-0.8660254037844387
2005-06-01,378.57898530436796,6932.80823142736,8.137396232443322,727.4300000000001,1384.53,6.93280823142736,6,2005,1.2246467991473532e-16,-1.0
2005-07-01,462.3200565387756,6932.80823142736,8.137396232443322,727.4300000000001,1384.53,6.93280823142736,7,2005,-0.4999999999999998,-0.8660254037844388
2005-08-01,429.4286595978998,6932.80823142736,8.137396232443322,727.4300000000001,1384.53,6.93280823142736,8,2005,-0.8660254037844384,-0.5000000000000004
2005-09-01,496.3959358837528,6932.80823142736,8.137396232443322,727.4300000000001,1384.53,6.93280823142736,9,2005,-1.0,-1.8369701987210297e-16
2005-10-01,547.3874611958511,6932.80823142736,8.137396232443322,727.4300000000001,1384.53,6.93280823142736,10,2005,-0.8660254037844386,0.5000000000000001
2005-11-01,546.3510335924555,6932.80823142736,8.137396232443322,727.4300000000001,1384.53,6.93280823142736,11,2005,-0.5000000000000004,0.8660254037844384
2005-12-01,644.5776281334836,6932.80823142736,8.137396232443322,727.4300000000001,1384.53,6.93280823142736,12,2005,-2.4492935982947064e-16,1.0
2006-01-01,859.5405480639361,7580.66254663739,8.235863516848958,768.13,1574.23,7.58066254663739,1,2006,0.49999999999999994,0.8660254037844387
2006-02-01,654.2923880008873,7580.66254663739,8.235863516848958,768.13,1574.23,7.58066254663739,2,2006,0.8660254037844386,0.5000000000000001
2006-03-01,738.428937296596,7580.66254663739,8.235863516848958,768.13,1574.23,7.58066254663739,3,2006,1.0,6.123233995736766e-17
2006-04-01,576.249724114757,7580.66254663739,8.235863516848958,768.13,1574.23,7.58066254663739,4,2006,0.8660254037844387,-0.49999999999999983
2006-05-01,379.7552434108121,7580.66254663739,8.235863516848958,768.13,1574.23,7.58066254663739,5,2006,0.49999999999999994,-0.8660254037844387
2006-06-01,338.18662153911055,7580.66254663739,8.235863516848958,768.13,1574.23,7.58066254663739,6,2006,1.2246467991473532e-16,-1.0
2006-07-01,175.6895823173861,7580.66254663739,8.235863516848958,768.13,1574.23,7.58066254663739,7,2006,-0.4999999999999998,-0.8660254037844388
2006-08-01,346.8397480669313,7580.66254663739,8.235863516848958,768.13,1574.23,7.58066254663739,8,2006,-0.8660254037844384,-0.5000000000000004
2006-09-01,425.2878218934168,7580.66254663739,8.235863516848958,768.13,1574.23,7.58066254663739,9,2006,-1.0,-1.8369701987210297e-16
2006-10-01,580.9292981860058,7580.66254663739,8.235863516848958,768.13,1574.23,7.58066254663739,10,2006,-0.8660254037844386,0.5000000000000001
2006-11-01,642.1425353112832,7580.66254663739,8.235863516848958,768.13,1574.23,7.58066254663739,11,2006,-0.5000000000000004,0.8660254037844384
2006-12-01,620.2575517988779,7580.66254663739,8.235863516848958,768.13,1574.23,7.58066254663739,12,2006,-2.4492935982947064e-16,1.0
2007-01-01,895.9195332837301,9845.808798078497,9.733580765832418,1025.76,2167.58,9.845808798078497,1,2007,0.49999999999999994,0.8660254037844387
2007-02-01,604.8477221924388,9845.808798078497,9.733580765832418,1025.76,2167.58,9.845808798078497,2,2007,0.8660254037844386,0.5000000000000001
2007-03-01,1105.0235917205123,9845.808798078497,9.733580765832418,1025.76,2167.58,9.845808798078497,3,2007,1.0,6.123233995736766e-17
2007-04-01,1090.9884271932985,9845.808798078497,9.733580765832418,1025.76,2167.58,9.845808798078497,4,2007,0.8660254037844387,-0.49999999999999983
2007-05-01,984.5208049741375,9845.808798078497,9.733580765832418,1025.76,2167.58,9.845808798078497,5,2007,0.49999999999999994,-0.8660254037844387
2007-06-01,809.9627534126341,9845.808798078497,9.733580765832418,1025.76,2167.58,9.845808798078497,6,2007,1.2246467991473532e-16,-1.0
2007-07-01,677.2651041357045,9845.808798078497,9.733580765832418,1025.76,2167.58,9.845808798078497,7,2007,-0.4999999999999998,-0.8660254037844388
2007-08-01,715.8976721859243,9845.808798078497,9.733580765832418,1025.76,2167.58,9.845808798078497,8,2007,-0.8660254037844384,-0.5000000000000004
2007-09-01,607.6060346520815,9845.808798078497,9.733580765832418,1025.76,2167.58,9.845808798078497,9,2007,-1.0,-1.8369701987210297e-16
2007-10-01,907.0062034391856,9845.808798078497,9.733580765832418,1025.76,2167.58,9.845808798078497,10,2007,-0.8660254037844386,0.5000000000000001
2007-11-01,1004.8937689259221,9845.808798078497,9.733580765832418,1025.76,2167.58,9.845808798078497,11,2007,-0.5000000000000004,0.8660254037844384
2007-12-01,803.7983838844307,9845.808798078497,9.733580765832418,1025.76,2167.58,9.845808798078497,12,2007,-2.4492935982947064e-16,1.0
2008-01-01,1014.9608832322847,11124.313016409895,9.008708365228728,1230.13,2228.88,11.124313016409895,1,2008,0.49999999999999994,0.8660254037844387
2008-02-01,882.3551983119355,11124.313016409895,9.008708365228728,1230.13,2228.88,11.124313016409895,2,2008,0.8660254037844386,0.5000000000000001
2008-03-01,1034.631566018925,11124.313016409895,9.008708365228728,1230.13,2228.88,11.124313016409895,3,2008,1.0,6.123233995736766e-17
2008-04-01,1004.8401769491343,11124.313016409895,9.008708365228728,1230.13,2228.88,11.124313016409895,4,2008,0.8660254037844387,-0.49999999999999983
2008-05-01,906.0927240073764,11124.313016409895,9.008708365228728,1230.13,2228.88,11.124313016409895,5,2008,0.49999999999999994,-0.8660254037844387
2008-06-01,670.0686962598832,11124.313016409895,9.008708365228728,1230.13,2228.88,11.124313016409895,6,2008,1.2246467991473532e-16,-1.0
2008-07-01,491.4833253551408,11124.313016409895,9.008708365228728,1230.13,2228.88,11.124313016409895,7,2008,-0.4999999999999998,-0.8660254037844388
2008-08-01,772.5587333254883,11124.313016409895,9.008708365228728,1230.13,2228.88,11.124313016409895,8,2008,-0.8660254037844384,-0.5000000000000004
2008-09-01,886.7982538606943,11124.313016409895,9.008708365228728,1230.13,2228.88,11.124313016409895,9,2008,-1.0,-1.8369701987210297e-16
2008-10-01,1102.5998393485768,11124.313016409895,9.008708365228728,1230.13,2228.88,11.124313016409895,10,2008,-0.8660254037844386,0.5000000000000001
2008-11-01,1179.9240486828876,11124.313016409895,9.008708365228728,1230.13,2228.88,11.124313016409895,11,2008,-0.5000000000000004,0.8660254037844384
2008-12-01,1231.2565546476733,11124.313016409895,9.008708365228728,1230.13,2228.88,11.124313016409895,12,2008,-2.4492935982947064e-16,1.0
2009-01-01,1856.2138753032602,12367.72555219413,8.258215092292307,1987.83,5402.88,12.36772555219413,1,2009,0.49999999999999994,0.8660254037844387
2009-02-01,1413.5188344894677,12367.72555219413,8.258215092292307,1987.83,5402.88,12.36772555219413,2,2009,0.8660254037844386,0.5000000000000001
2009-03-01,1838.0858155870465,12367.72555219413,8.258215092292307,1987.83,5402.88,12.36772555219413,3,2009,1.0,6.123233995736766e-17
2009-04-01,1715.0434638193067,12367.72555219413,8.258215092292307,1987.83,5402.88,12.36772555219413,4,2009,0.8660254037844387,-0.49999999999999983
2009-05-01,1276.5810291477978,12367.72555219413,8.258215092292307,1987.83,5402.88,12.36772555219413,5,2009,0.49999999999999994,-0.8660254037844387
2009-06-01,1256.6193688379099,12367.72555219413,8.258215092292307,1987.83,5402.88,12.36772555219413,6,2009,1.2246467991473532e-16,-1.0
2009-07-01,731.4227395540909,12367.72555219413,8.258215092292307,1987.83,5402.88,12.36772555219413,7,2009,-0.4999999999999998,-0.8660254037844388
2009-08-01,757.2699328537045,12367.72555219413,8.258215092292307,1987.83,5402.88,12.36772555219413,8,2009,-0.8660254037844384,-0.5000000000000004
2009-09-01,956.2752334189586,12367.72555219413,8.258215092292307,1987.83,5402.88,12.36772555219413,9,2009,-1.0,-1.8369701987210297e-16
2009-10-01,1265.0481495995896,12367.72555219413,8.258215092292307,1987.83,5402.88,12.36772555219413,10,2009,-0.8660254037844386,0.5000000000000001
2009-11-01,1121.8482157506992,12367.72555219413,8.258215092292307,1987.83,5402.88,12.36772555219413,11,2009,-0.5000000000000004,0.8660254037844384
2009-12-01,1193.5033416381686,12367.72555219413,8.258215092292307,1987.83,5402.88,12.36772555219413,12,2009,-2.4492935982947064e-16,1.0
2010-01-01,3437.4109272630412,12534.429605084246,8.265743759938522,4225.83,8468.48,12.534429605084245,1,2010,0.49999999999999994,0.8660254037844387
2010-02-01,2475.1129416596946,12534.429605084246,8.265743759938522,4225.83,8468.48,12.534429605084245,2,2010,0.8660254037844386,0.5000000000000001
2010-03-01,3940.456659657071,12534.429605084246,8.265743759938522,4225.83,8468.48,12.534429605084245,3,2010,1.0,6.123233995736766e-17
2010-04-01,3026.267556757438,12534.429605084246,8.265743759938522,4225.83,8468.48,12.534429605084245,4,2010,0.8660254037844387,-0.49999999999999983
2010-05-01,2364.2211398889467,12534.429605084246,8.265743759938522,4225.83,8468.48,12.534429605084245,5,2010,0.49999999999999994,-0.8660254037844387
2010-06-01,1900.2798931236212,12534.429605084246,8.265743759938522,4225.83,8468.48,12.534429605084245,6,2010,1.2246467991473532e-16,-1.0
2010-07-01,1563.499720697952,12534.429605084246,8.265743759938522,4225.83,8468.48,12.534429605084245,7,2010,-0.4999999999999998,-0.8660254037844388
2010-08-01,1130.3199360587623,12534.429605084246,8.265743759938522,4225.83,8468.48,12.534429605084245,8,2010,-0.8660254037844384,-0.5000000000000004
2010-09-01,1597.0561356205258,12534.429605084246,8.265743759938522,4225.83,8468.48,12.534429605084245,9,2010,-1.0,-1.8369701987210297e-16
2010-10-01,2177.1631913708006,12534.429605084246,8.265743759938522,4225.83,8468.48,12.534429605084245,10,2010,-0.8660254037844386,0.5000000000000001
2010-11-01,2762.137713701988,12534.429605084246,8.265743759938522,4225.83,8468.48,12.534429605084245,11,2010,-0.5000000000000004,0.8660254037844384
2010-12-01,3612.8541842001587,12534.429605084246,8.265743759938522,4225.83,8468.48,12.534429605084245,12,2010,-2.4492935982947064e-16,1.0
2011-01-01,4675.505593849244,10398.368438442347,6.941379376438297,5929.35,10867.98,10.398368438442347,1,2011,0.49999999999999994,0.8660254037844387
2011-02-01,3204.757391525086,10398.368438442347,6.941379376438297,5929.35,10867.98,10.398368438442347,2,2011,0.8660254037844386,0.5000000000000001
2011-03-01,3722.1190389280273,10398.368438442347,6.941379376438297,5929.35,10867.98,10.398368438442347,3,2011,1.0,6.123233995736766e-17
2011-04-01,3356.344403204913,10398.368438442347,6.941379376438297,5929.35,10867.98,10.398368438442347,4,2011,0.8660254037844387,-0.49999999999999983
2011-05-01,2661.8469419034836,10398.368438442347,6.941379376438297,5929.35,10867.98,10.398368438442347,5,2011,0.49999999999999994,-0.8660254037844387
2011-06-01,2197.0574736265976,10398.368438442347,6.941379376438297,5929.35,10867.98,10.398368438442347,6,2011,1.2246467991473532e-16,-1.0
2011-07-01,1163.227254430688,10398.368438442347,6.941379376438297,5929.35,10867.98,10.398368438442347,7,2011,-0.4999999999999998,-0.8660254037844388
2011-08-01,1909.7465179319772,10398.368438442347,6.941379376438297,5929.35,10867.98,10.398368438442347,8,2011,-0.8660254037844384,-0.5000000000000004
2011-09-01,2507.1713820031355,10398.368438442347,6.941379376438297,5929.35,10867.98,10.398368438442347,9,2011,-1.0,-1.8369701987210297e-16
2011-10-01,3884.6604566355127,10398.368438442347,6.941379376438297,5929.35,10867.98,10.398368438442347,10,2011,-0.8660254037844386,0.5000000000000001
2011-11-01,4046.037219492946,10398.368438442347,6.941379376438297,5929.35,10867.98,10.398368438442347,11,2011,-0.5000000000000004,0.8660254037844384
2011-12-01,4413.066326468388,10398.368438442347,6.941379376438297,5929.35,10867.98,10.398368438442347,12,2011,-2.4492935982947064e-16,1.0
2012-01-01,4419.600553425825,12468.754452309191,7.0873851422376815,5733.6,11043.11,12.468754452309192,1,2012,0.49999999999999994,0.8660254037844387
2012-02-01,2959.6230325358774,12468.754452309191,7.0873851422376815,5733.6,11043.11,12.468754452309192,2,2012,0.8660254037844386,0.5000000000000001
2012-03-01,3763.483198149749,12468.754452309191,7.0873851422376815,5733.6,11043.11,12.468754452309192,3,2012,1.0,6.123233995736766e-17
2012-04-01,3585.974621524573,12468.754452309191,7.0873851422376815,5733.6,11043.11,12.468754452309192,4,2012,0.8660254037844387,-0.49999999999999983
2012-05-01,2722.9869140935944,12468.754452309191,7.0873851422376815,5733.6,11043.11,12.468754452309192,5,2012,0.49999999999999994,-0.8660254037844387
2012-06-01,2383.8691551900783,12468.754452309191,7.0873851422376815,5733.6,11043.11,12.468754452309192,6,2012,1.2246467991473532e-16,-1.0
2012-07-01,1572.7312845303754,12468.754452309191,7.0873851422376815,5733.6,11043.11,12.468754452309192,7,2012,-0.4999999999999998,-0.8660254037844388
2012-08-01,2612.4810474560654,12468.754452309191,7.0873851422376815,5733.6,11043.11,12.468754452309192,8,2012,-0.8660254037844384,-0.5000000000000004
2012-09-01,2806.8372508369794,12468.754452309191,7.0873851422376815,5733.6,11043.11,12.468754452309192,9,2012,-1.0,-1.8369701987210297e-16
2012-10-01,4525.611099558207,12468.754452309191,7.0873851422376815,5733.6,11043.11,12.468754452309192,10,2012,-0.8660254037844386,0.5000000000000001
2012-11-01,4474.593866336219,12468.754452309191,7.0873851422376815,5733.6,11043.11,12.468754452309192,11,2012,-0.5000000000000004,0.8660254037844384
2012-12-01,5018.167976362456,12468.754452309191,7.0873851422376815,5733.6,11043.11,12.468754452309192,12,2012,-2.4492935982947064e-16,1.0
2013-01-01,12033.277346844603,9172.404485557818,9.470705929411714,8890.140000000001,13434.100000000002,9.172404485557818,1,2013,0.49999999999999994,0.8660254037844387
2013-02-01,8179.042132331925,9172.404485557818,9.470705929411714,8890.140000000001,13434.100000000002,9.172404485557818,2,2013,0.8660254037844386,0.5000000000000001
2013-03-01,9573.573882672736,9172.404485557818,9.470705929411714,8890.140000000001,13434.100000000002,9.172404485557818,3,2013,1.0,6.123233995736766e-17
2013-04-01,7787.720814879851,9172.404485557818,9.470705929411714,8890.140000000001,13434.100000000002,9.172404485557818,4,2013,0.8660254037844387,-0.49999999999999983
2013-05-01,7564.13113404854,9172.404485557818,9.470705929411714,8890.140000000001,13434.100000000002,9.172404485557818,5,2013,0.49999999999999994,-0.8660254037844387
2013-06-01,5133.262725538503,9172.404485557818,9.470705929411714,8890.140000000001,13434.100000000002,9.172404485557818,6,2013,1.2246467991473532e-16,-1.0
2013-07-01,3403.045928112946,9172.404485557818,9.470705929411714,8890.140000000001,13434.100000000002,9.172404485557818,7,2013,-0.4999999999999998,-0.8660254037844388
2013-08-01,3497.712852410512,9172.404485557818,9.470705929411714,8890.140000000001,13434.100000000002,9.172404485557818,8,2013,-0.8660254037844384,-0.5000000000000004
2013-09-01,5008.856682964744,9172.404485557818,9.470705929411714,8890.140000000001,13434.100000000002,9.172404485557818,9,2013,-1.0,-1.8369701987210297e-16
2013-10-01,8539.771684776722,9172.404485557818,9.470705929411714,8890.140000000001,13434.100000000002,9.172404485557818,10,2013,-0.8660254037844386,0.5000000000000001
2013-11-01,8201.24333934652,9172.404485557818,9.470705929411714,8890.140000000001,13434.100000000002,9.172404485557818,11,2013,-0.5000000000000004,0.8660254037844384
2013-12-01,8446.141476072386,9172.404485557818,9.470705929411714,8890.140000000001,13434.100000000002,9.172404485557818,12,2013,-2.4492935982947064e-16,1.0
2014-01-01,11376.146018074272,14554.34536466068,8.837316138930248,10827.109999999999,14976.0,14.55434536466068,1,2014,0.49999999999999994,0.8660254037844387
2014-02-01,8010.6382125139025,14554.34536466068,8.837316138930248,10827.109999999999,14976.0,14.55434536466068,2,2014,0.8660254037844386,0.5000000000000001
2014-03-01,9012.764770713111,14554.34536466068,8.837316138930248,10827.109999999999,14976.0,14.55434536466068,3,2014,1.0,6.123233995736766e-17
2014-04-01,7605.528448816079,14554.34536466068,8.837316138930248,10827.109999999999,14976.0,14.55434536466068,4,2014,0.8660254037844387,-0.49999999999999983
2014-05-01,6841.402799105185,14554.34536466068,8.837316138930248,10827.109999999999,14976.0,14.55434536466068,5,2014,0.49999999999999994,-0.8660254037844387
2014-06-01,6200.471701672903,14554.34536466068,8.837316138930248,10827.109999999999,14976.0,14.55434536466068,6,2014,1.2246467991473532e-16,-1.0
2014-07-01,4978.162499004615,14554.34536466068,8.837316138930248,10827.109999999999,14976.0,14.55434536466068,7,2014,-0.4999999999999998,-0.8660254037844388
2014-08-01,5837.402894249668,14554.34536466068,8.837316138930248,10827.109999999999,14976.0,14.55434536466068,8,2014,-0.8660254037844384,-0.5000000000000004
2014-09-01,9577.507743334376,14554.34536466068,8.837316138930248,10827.109999999999,14976.0,14.55434536466068,9,2014,-1.0,-1.8369701987210297e-16
2014-10-01,11030.53154902105,14554.34536466068,8.837316138930248,10827.109999999999,14976.0,14.55434536466068,10,2014,-0.8660254037844386,0.5000000000000001
2014-11-01,9679.309767745915,14554.34536466068,8.837316138930248,10827.109999999999,14976.0,14.55434536466068,11,2014,-0.5000000000000004,0.8660254037844384
2014-12-01,10100.463595748917,14554.34536466068,8.837316138930248,10827.109999999999,14976.0,14.55434536466068,12,2014,-2.4492935982947064e-16,1.0
2015-01-01,12320.349088016084,15363.760337742966,8.673214886794478,13062.65,17040.85,15.363760337742965,1,2015,0.49999999999999994,0.8660254037844387
2015-02-01,8774.910561096556,15363.760337742966,8.673214886794478,13062.65,17040.85,15.363760337742965,2,2015,0.8660254037844386,0.5000000000000001
2015-03-01,9743.640585850524,15363.760337742966,8.673214886794478,13062.65,17040.85,15.363760337742965,3,2015,1.0,6.123233995736766e-17
2015-04-01,8724.279922676964,15363.760337742966,8.673214886794478,13062.65,17040.85,15.363760337742965,4,2015,0.8660254037844387,-0.49999999999999983
2015-05-01,9035.320701254164,15363.760337742966,8.673214886794478,13062.65,17040.85,15.363760337742965,5,2015,0.49999999999999994,-0.8660254037844387
2015-06-01,7632.628188343715,15363.760337742966,8.673214886794478,13062.65,17040.85,15.363760337742965,6,2015,1.2246467991473532e-16,-1.0
2015-07-01,8748.715372833125,15363.760337742966,8.673214886794478,13062.65,17040.85,15.363760337742965,7,2015,-0.4999999999999998,-0.8660254037844388
2015-08-01,9093.10695324574,15363.760337742966,8.673214886794478,13062.65,17040.85,15.363760337742965,8,2015,-0.8660254037844384,-0.5000000000000004
2015-09-01,11365.591169558249,15363.760337742966,8.673214886794478,13062.65,17040.85,15.363760337742965,9,2015,-1.0,-1.8369701987210297e-16
2015-10-01,11797.488874527138,15363.760337742966,8.673214886794478,13062.65,17040.85,15.363760337742965,10,2015,-0.8660254037844386,0.5000000000000001
2015-11-01,11544.733282650941,15363.760337742966,8.673214886794478,13062.65,17040.85,15.363760337742965,11,2015,-0.5000000000000004,0.8660254037844384
2015-12-01,10866.64529994679,15363.760337742966,8.673214886794478,13062.65,17040.85,15.363760337742965,12,2015,-2.4492935982947064e-16,1.0
2016-01-01,18153.968334927125,13155.999506200702,10.49161176916145,13235.9,19537.55,13.155999506200702,1,2016,0.49999999999999994,0.8660254037844387
2016-02-01,13468.83325868877,13155.999506200702,10.49161176916145,13235.9,19537.55,13.155999506200702,2,2016,0.8660254037844386,0.5000000000000001
2016-03-01,14730.715388765322,13155.999506200702,10.49161176916145,13235.9,19537.55,13.155999506200702,3,2016,1.0,6.123233995736766e-17
2016-04-01,14651.315068851705,13155.999506200702,10.49161176916145,13235.9,19537.55,13.155999506200702,4,2016,0.8660254037844387,-0.49999999999999983
2016-05-01,11586.826071819687,13155.999506200702,10.49161176916145,13235.9,19537.55,13.155999506200702,5,2016,0.49999999999999994,-0.8660254037844387
2016-06-01,5546.587912897173,13155.999506200702,10.49161176916145,13235.9,19537.55,13.155999506200702,6,2016,1.2246467991473532e-16,-1.0
2016-07-01,8514.99656019648,13155.999506200702,10.49161176916145,13235.9,19537.55,13.155999506200702,7,2016,-0.4999999999999998,-0.8660254037844388
2016-08-01,9327.288714133869,13155.999506200702,10.49161176916145,13235.9,19537.55,13.155999506200702,8,2016,-0.8660254037844384,-0.5000000000000004
2016-09-01,11945.979182649873,13155.999506200702,10.49161176916145,13235.9,19537.55,13.155999506200702,9,2016,-1.0,-1.8369701987210297e-16
2016-10-01,10659.824987965882,13155.999506200702,10.49161176916145,13235.9,19537.55,13.155999506200702,10,2016,-0.8660254037844386,0.5000000000000001
2016-11-01,10678.558672883139,13155.999506200702,10.49161176916145,13235.9,19537.55,13.155999506200702,11,2016,-0.5000000000000004,0.8660254037844384
2016-12-01,14239.725846220965,13155.999506200702,10.49161176916145,13235.9,19537.55,13.155999506200702,12,2016,-2.4492935982947064e-16,1.0
2017-01-01,19775.602732641288,17053.130253050094,11.181813240357517,14675.409999999998,21027.219999999998,17.053130253050096,1,2017,0.49999999999999994,0.8660254037844387
2017-02-01,14609.632923846008,17053.130253050094,11.181813240357517,14675.409999999998,21027.219999999998,17.053130253050096,2,2017,0.8660254037844386,0.5000000000000001
2017-03-01,16041.607729861693,17053.130253050094,11.181813240357517,14675.409999999998,21027.219999999998,17.053130253050096,3,2017,1.0,6.123233995736766e-17
2017-04-01,15120.091348640459,17053.130253050094,11.181813240357517,14675.409999999998,21027.219999999998,17.053130253050096,4,2017,0.8660254037844387,-0.49999999999999983
2017-05-01,12443.002034442052,17053.130253050094,11.181813240357517,14675.409999999998,21027.219999999998,17.053130253050096,5,2017,0.49999999999999994,-0.8660254037844387
2017-06-01,11183.737248130268,17053.130253050094,11.181813240357517,14675.409999999998,21027.219999999998,17.053130253050096,6,2017,1.2246467991473532e-16,-1.0
2017-07-01,10239.997859050383,17053.130253050094,11.181813240357517,14675.409999999998,21027.219999999998,17.053130253050096,7,2017,-0.4999999999999998,-0.8660254037844388
2017-08-01,10608.089975456794,17053.130253050094,11.181813240357517,14675.409999999998,21027.219999999998,17.053130253050096,8,2017,-0.8660254037844384,-0.5000000000000004
2017-09-01,12213.782468514826,17053.130253050094,11.181813240357517,14675.409999999998,21027.219999999998,17.053130253050096,9,2017,-1.0,-1.8369701987210297e-16
2017-10-01,14340.050147387094,17053.130253050094,11.181813240357517,14675.409999999998,21027.219999999998,17.053130253050096,10,2017,-0.8660254037844386,0.5000000000000001
2017-11-01,15139.625637170415,17053.130253050094,11.181813240357517,14675.409999999998,21027.219999999998,17.053130253050096,11,2017,-0.5000000000000004,0.8660254037844384
2017-12-01,17972.929894858742,17053.130253050094,11.181813240357517,14675.409999999998,21027.219999999998,17.053130253050096,12,2017,-2.4492935982947064e-16,1.0
2018-01-01,20926.771612169377,15935.93507068107,10.2585669038071,18661.73,22528.83,15.935935070681069,1,2018,0.49999999999999994,0.8660254037844387
2018-02-01,18019.427910241237,15935.93507068107,10.2585669038071,18661.73,22528.83,15.935935070681069,2,2018,0.8660254037844386,0.5000000000000001
2018-03-01,19913.764655075945,15935.93507068107,10.2585669038071,18661.73,22528.83,15.935935070681069,3,2018,1.0,6.123233995736766e-17
2018-04-01,19693.484228155376,15935.93507068107,10.2585669038071,18661.73,22528.83,15.935935070681069,4,2018,0.8660254037844387,-0.49999999999999983
2018-05-01,16813.2900621654,15935.93507068107,10.2585669038071,18661.73,22528.83,15.935935070681069,5,2018,0.49999999999999994,-0.8660254037844387
2018-06-01,15121.772880244709,15935.93507068107,10.2585669038071,18661.73,22528.83,15.935935070681069,6,2018,1.2246467991473532e-16,-1.0
2018-07-01,12353.345390407942,15935.93507068107,10.2585669038071,18661.73,22528.83,15.935935070681069,7,2018,-0.4999999999999998,-0.8660254037844388
2018-08-01,13197.83630049383,15935.93507068107,10.2585669038071,18661.73,22528.83,15.935935070681069,8,2018,-0.8660254037844384,-0.5000000000000004
2018-09-01,13336.785332079486,15935.93507068107,10.2585669038071,18661.73,22528.83,15.935935070681069,9,2018,-1.0,-1.8369701987210297e-16
2018-10-01,17363.461329059097,15935.93507068107,10.2585669038071,18661.73,22528.83,15.935935070681069,10,2018,-0.8660254037844386,0.5000000000000001
2018-11-01,15978.880764895073,15935.93507068107,10.2585669038071,18661.73,22528.83,15.935935070681069,11,2018,-0.5000000000000004,0.8660254037844384
2018-12-01,19085.549535012524,15935.93507068107,10.2585669038071,18661.73,22528.83,15.935935070681069,12,2018,-2.4492935982947064e-16,1.0
2019-01-01,27893.814243106433,19901.5045772116,11.19520329397189,19556.9,23702.32,19.9015045772116,1,2019,0.49999999999999994,0.8660254037844387
2019-02-01,21610.994251310556,19901.5045772116,11.19520329397189,19556.9,23702.32,19.9015045772116,2,2019,0.8660254037844386,0.5000000000000001
2019-03-01,24978.74561567976,19901.5045772116,11.19520329397189,19556.9,23702.32,19.9015045772116,3,2019,1.0,6.123233995736766e-17
2019-04-01,21473.752188932856,19901.5045772116,11.19520329397189,19556.9,23702.32,19.9015045772116,4,2019,0.8660254037844387,-0.49999999999999983
2019-05-01,16546.15317636341,19901.5045772116,11.19520329397189,19556.9,23702.32,19.9015045772116,5,2019,0.49999999999999994,-0.8660254037844387
2019-06-01,8089.513968794962,19901.5045772116,11.19520329397189,19556.9,23702.32,19.9015045772116,6,2019,1.2246467991473532e-16,-1.0
2019-07-01,11989.881704358344,19901.5045772116,11.19520329397189,19556.9,23702.32,19.9015045772116,7,2019,-0.4999999999999998,-0.8660254037844388
2019-08-01,14448.875106684143,19901.5045772116,11.19520329397189,19556.9,23702.32,19.9015045772116,8,2019,-0.8660254037844384,-0.5000000000000004
2019-09-01,19809.52136624642,19901.5045772116,11.19520329397189,19556.9,23702.32,19.9015045772116,9,2019,-1.0,-1.8369701987210297e-16
2019-10-01,22395.568692305707,19901.5045772116,11.19520329397189,19556.9,23702.32,19.9015045772116,10,2019,-0.8660254037844386,0.5000000000000001
2019-11-01,20369.28214957886,19901.5045772116,11.19520329397189,19556.9,23702.32,19.9015045772116,11,2019,-0.5000000000000004,0.8660254037844384
2019-12-01,22006.57753663854,19901.5045772116,11.19520329397189,19556.9,23702.32,19.9015045772116,12,2019,-2.4492935982947064e-16,1.0
2020-01-01,28868.293293365932,16664.913664166248,10.960972031057729,20920.059999999998,26670.79,16.66491366416625,1,2020,0.49999999999999994,0.8660254037844387
2020-02-01,19829.709641009016,16664.913664166248,10.960972031057729,20920.059999999998,26670.79,16.66491366416625,2,2020,0.8660254037844386,0.5000000000000001
2020-03-01,19117.64826168674,16664.913664166248,10.960972031057729,20920.059999999998,26670.79,16.66491366416625,3,2020,1.0,6.123233995736766e-17
2020-04-01,17599.083547446182,16664.913664166248,10.960972031057729,20920.059999999998,26670.79,16.66491366416625,4,2020,0.8660254037844387,-0.49999999999999983
2020-05-01,19577.037615408226,16664.913664166248,10.960972031057729,20920.059999999998,26670.79,16.66491366416625,5,2020,0.49999999999999994,-0.8660254037844387
2020-06-01,17424.62320030063,16664.913664166248,10.960972031057729,20920.059999999998,26670.79,16.66491366416625,6,2020,1.2246467991473532e-16,-1.0
2020-07-01,15465.706942311806,16664.913664166248,10.960972031057729,20920.059999999998,26670.79,16.66491366416625,7,2020,-0.4999999999999998,-0.8660254037844388
2020-08-01,16876.162372214374,16664.913664166248,10.960972031057729,20920.059999999998,26670.79,16.66491366416625,8,2020,-0.8660254037844384,-0.5000000000000004
2020-09-01,20268.756734444425,16664.913664166248,10.960972031057729,20920.059999999998,26670.79,16.66491366416625,9,2020,-1.0,-1.8369701987210297e-16
2020-10-01,25991.77678020541,16664.913664166248,10.960972031057729,20920.059999999998,26670.79,16.66491366416625,10,2020,-0.8660254037844386,0.5000000000000001
2020-11-01,23250.797595650616,16664.913664166248,10.960972031057729,20920.059999999998,26670.79,16.66491366416625,11,2020,-0.5000000000000004,0.8660254037844384
2020-12-01,23923.13401595663,16664.913664166248,10.960972031057729,20920.059999999998,26670.79,16.66491366416625,12,2020,-2.4492935982947064e-16,1.0
2021-01-01,30931.466339301274,21485.2903316335,11.098763694585786,21413.559999999998,27779.42,21.4852903316335,1,2021,0.49999999999999994,0.8660254037844387
2021-02-01,22798.564335097166,21485.2903316335,11.098763694585786,21413.559999999998,27779.42,21.4852903316335,2,2021,0.8660254037844386,0.5000000000000001
2021-03-01,26259.974306224027,21485.2903316335,11.098763694585786,21413.559999999998,27779.42,21.4852903316335,3,2021,1.0,6.123233995736766e-17
2021-04-01,21425.49199884905,21485.2903316335,11.098763694585786,21413.559999999998,27779.42,21.4852903316335,4,2021,0.8660254037844387,-0.49999999999999983
2021-05-01,20243.041065961308,21485.2903316335,11.098763694585786,21413.559999999998,27779.42,21.4852903316335,5,2021,0.49999999999999994,-0.8660254037844387
2021-06-01,18548.20463879548,21485.2903316335,11.098763694585786,21413.559999999998,27779.42,21.4852903316335,6,2021,1.2246467991473532e-16,-1.0
2021-07-01,16769.920809745174,21485.2903316335,11.098763694585786,21413.559999999998,27779.42,21.4852903316335,7,2021,-0.4999999999999998,-0.8660254037844388
2021-08-01,13764.870298973527,21485.2903316335,11.098763694585786,21413.559999999998,27779.42,21.4852903316335,8,2021,-0.8660254037844384,-0.5000000000000004
2021-09-01,18578.141488307294,21485.2903316335,11.098763694585786,21413.559999999998,27779.42,21.4852903316335,9,2021,-1.0,-1.8369701987210297e-16
2021-10-01,21495.641160402454,21485.2903316335,11.098763694585786,21413.559999999998,27779.42,21.4852903316335,10,2021,-0.8660254037844386,0.5000000000000001
2021-11-01,22291.64230346752,21485.2903316335,11.098763694585786,21413.559999999998,27779.42,21.4852903316335,11,2021,-0.5000000000000004,0.8660254037844384
2021-12-01,22913.96125487571,21485.2903316335,11.098763694585786,21413.559999999998,27779.42,21.4852903316335,12,2021,-2.4492935982947064e-16,1.0
2022-01-01,34704.695243861875,29644.445572212993,10.27977119785097,27832.79,28647.79,29.644445572212994,1,2022,0.49999999999999994,0.8660254037844387
2022-02-01,19795.295034053503,29644.445572212993,10.27977119785097,27832.79,28647.79,29.644445572212994,2,2022,0.8660254037844386,0.5000000000000001
2022-03-01,28152.664366305267,29644.445572212993,10.27977119785097,27832.79,28647.79,29.644445572212994,3,2022,1.0,6.123233995736766e-17
2022-04-01,25229.97251524884,29644.445572212993,10.27977119785097,27832.79,28647.79,29.644445572212994,4,2022,0.8660254037844387,-0.49999999999999983
2022-05-01,19275.68241658181,29644.445572212993,10.27977119785097,27832.79,28647.79,29.644445572212994,5,2022,0.49999999999999994,-0.8660254037844387
2022-06-01,12886.58926390607,29644.445572212993,10.27977119785097,27832.79,28647.79,29.644445572212994,6,2022,1.2246467991473532e-16,-1.0
2022-07-01,17506.1118777279,29644.445572212993,10.27977119785097,27832.79,28647.79,29.644445572212994,7,2022,-0.4999999999999998,-0.8660254037844388
2022-08-01,23603.885395272206,29644.445572212993,10.27977119785097,27832.79,28647.79,29.644445572212994,8,2022,-0.8660254037844384,-0.5000000000000004
2022-09-01,28691.408606577967,29644.445572212993,10.27977119785097,27832.79,28647.79,29.644445572212994,9,2022,-1.0,-1.8369701987210297e-16
2022-10-01,33517.319266266655,29644.445572212993,10.27977119785097,27832.79,28647.79,29.644445572212994,10,2022,-0.8660254037844386,0.5000000000000001
2022-11-01,29924.274758933276,29644.445572212993,10.27977119785097,27832.79,28647.79,29.644445572212994,11,2022,-0.5000000000000004,0.8660254037844384
2022-12-01,35525.31125526463,29644.445572212993,10.27977119785097,27832.79,28647.79,29.644445572212994,12,2022,-2.4492935982947064e-16,1.0
2023-01-01,34329.276493556456,27130.558460524535,11.085704723700633,26890.64,29618.87,27.130558460524536,1,2023,0.49999999999999994,0.8660254037844387
2023-02-01,27335.22535241375,27130.558460524535,11.085704723700633,26890.64,29618.87,27.130558460524536,2,2023,0.8660254037844386,0.5000000000000001
2023-03-01,36371.74405438121,27130.558460524535,11.085704723700633,26890.64,29618.87,27.130558460524536,3,2023,1.0,6.123233995736766e-17
2023-04-01,30848.398295458,27130.558460524535,11.085704723700633,26890.64,29618.87,27.130558460524536,4,2023,0.8660254037844387,-0.49999999999999983
2023-05-01,26821.175763433544,27130.558460524535,11.085704723700633,26890.64,29618.87,27.130558460524536,5,2023,0.49999999999999994,-0.8660254037844387
2023-06-01,20030.718426556596,27130.558460524535,11.085704723700633,26890.64,29618.87,27.130558460524536,6,2023,1.2246467991473532e-16,-1.0
2023-07-01,15956.633244150062,27130.558460524535,11.085704723700633,26890.64,29618.87,27.130558460524536,7,2023,-0.4999999999999998,-0.8660254037844388
2023-08-01,20017.1984187774,27130.558460524535,11.085704723700633,26890.64,29618.87,27.130558460524536,8,2023,-0.8660254037844384,-0.5000000000000004
2023-09-01,26489.310256307755,27130.558460524535,11.085704723700633,26890.64,29618.87,27.130558460524536,9,2023,-1.0,-1.8369701987210297e-16
2023-10-01,28284.237589197204,27130.558460524535,11.085704723700633,26890.64,29618.87,27.130558460524536,10,2023,-0.8660254037844386,0.5000000000000001
2023-11-01,26936.38210346385,27130.558460524535,11.085704723700633,26890.64,29618.87,27.130558460524536,11,2023,-0.5000000000000004,0.8660254037844384
2023-12-01,29808.070002304186,27130.558460524535,11.085704723700633,26890.64,29618.87,27.130558460524536,12,2023,-2.4492935982947064e-16,1.0
2024-01-01,38532.34121492689,25550.482729449992,10.59824058978526,28409.64,30902.87,25.550482729449993,1,2024,0.49999999999999994,0.8660254037844387
2024-02-01,33815.77481660048,25550.482729449992,10.59824058978526,28409.64,30902.87,25.550482729449993,2,2024,0.8660254037844386,0.5000000000000001
2024-03-01,37183.49857604748,25550.482729449992,10.59824058978526,28409.64,30902.87,25.550482729449993,3,2024,1.0,6.123233995736766e-17
2024-04-01,32139.128913945453,25550.482729449992,10.59824058978526,28409.64,30902.87,25.550482729449993,4,2024,0.8660254037844387,-0.49999999999999983
2024-05-01,22806.942541821038,25550.482729449992,10.59824058978526,28409.64,30902.87,25.550482729449993,5,2024,0.49999999999999994,-0.8660254037844387
2024-06-01,14814.924693878995,25550.482729449992,10.59824058978526,28409.64,30902.87,25.550482729449993,6,2024,1.2246467991473532e-16,-1.0
2024-07-01,15571.951028042764,25550.482729449992,10.59824058978526,28409.64,30902.87,25.550482729449993,7,2024,-0.4999999999999998,-0.8660254037844388
2024-08-01,23512.539044048877,25550.482729449992,10.59824058978526,28409.64,30902.87,25.550482729449993,8,2024,-0.8660254037844384,-0.5000000000000004
2024-09-01,27116.300203148687,25550.482729449992,10.59824058978526,28409.64,30902.87,25.550482729449993,9,2024,-1.0,-1.8369701987210297e-16
2024-10-01,34922.506204438476,25550.482729449992,10.59824058978526,28409.64,30902.87,25.550482729449993,10,2024,-0.8660254037844386,0.5000000000000001
2024-11-01,30659.500247424123,25550.482729449992,10.59824058978526,28409.64,30902.87,25.550482729449993,11,2024,-0.5000000000000004,0.8660254037844384
2024-12-01,27940.442515676757,25550.482729449992,10.59824058978526,28409.64,30902.87,25.550482729449993,12,2024,-2.4492935982947064e-16,1.0
